<?xml version='1.0' encoding='UTF-8'?>
<data><annotations><entity><id>0@wsj_0132</id><span>12,14</span><type>Month-Of-Year</type></entity><entity><id>1@wsj_0132</id><span>15,17</span><type>Day-Of-Month</type></entity><entity><id>2@wsj_0132</id><span>18,20</span><type>Two-Digit-Year</type></entity><entity><id>3@wsj_0132</id><span>148,150</span><type>Month-Of-Year</type></entity><entity><id>4@wsj_0132</id><span>151,153</span><type>Day-Of-Month</type></entity><entity><id>5@wsj_0132</id><span>154,156</span><type>Two-Digit-Year</type></entity><entity><id>6@wsj_0132</id><span>249,256</span><type>Period</type></entity><entity><id>7@wsj_0132</id><span>541,545</span><type>Period</type></entity><entity><id>8@wsj_0132</id><span>546,549</span><type>Before</type></entity><entity><id>9@wsj_0132</id><span>635,641</span><type>Last</type></entity><entity><id>10@wsj_0132</id><span>642,649</span><type>Calendar-Interval</type></entity><entity><id>11@wsj_0132</id><span>669,672</span><type>Number</type></entity><entity><id>12@wsj_0132</id><span>673,677</span><type>Frequency</type></entity><entity><id>13@wsj_0132</id><span>834,838</span><type>Last</type></entity><entity><id>14@wsj_0132</id><span>839,843</span><type>Calendar-Interval</type></entity></annotations></data>