<?xml version='1.0' encoding='UTF-8'?>
<data><annotations><entity><id>0@NYT19980206.0460</id><span>20,22</span><type>Month-Of-Year</type></entity><entity><id>1@NYT19980206.0460</id><span>23,25</span><type>Day-Of-Month</type></entity><entity><id>2@NYT19980206.0460</id><span>26,30</span><type>Year</type></entity><entity><id>3@NYT19980206.0460</id><span>31,33</span><type>Hour-Of-Day</type></entity><entity><id>4@NYT19980206.0460</id><span>34,36</span><type>Minute-Of-Hour</type></entity><entity><id>5@NYT19980206.0460</id><span>37,39</span><type>Second-Of-Minute</type></entity><entity><id>6@NYT19980206.0460</id><span>70,72</span><type>Month-Of-Year</type></entity><entity><id>7@NYT19980206.0460</id><span>73,75</span><type>Day-Of-Month</type></entity><entity><id>8@NYT19980206.0460</id><span>76,80</span><type>Year</type></entity><entity><id>9@NYT19980206.0460</id><span>81,83</span><type>Hour-Of-Day</type></entity><entity><id>10@NYT19980206.0460</id><span>84,86</span><type>Minute-Of-Hour</type></entity><entity><id>11@NYT19980206.0460</id><span>87,89</span><type>Second-Of-Minute</type></entity><entity><id>12@NYT19980206.0460</id><span>147,149</span><type>Month-Of-Year</type></entity><entity><id>13@NYT19980206.0460</id><span>150,152</span><type>Day-Of-Month</type></entity><entity><id>14@NYT19980206.0460</id><span>153,155</span><type>Period</type></entity><entity><id>15@NYT19980206.0460</id><span>451,455</span><type>Year</type></entity><entity><id>16@NYT19980206.0460</id><span>563,570</span><type>Month-Of-Year</type></entity><entity><id>17@NYT19980206.0460</id><span>599,605</span><type>Day-Of-Week</type></entity><entity><id>18@NYT19980206.0460</id><span>792,796</span><type>Last</type></entity><entity><id>19@NYT19980206.0460</id><span>797,802</span><type>Calendar-Interval</type></entity><entity><id>20@NYT19980206.0460</id><span>861,866</span><type>Number</type></entity><entity><id>21@NYT19980206.0460</id><span>879,884</span><type>Calendar-Interval</type></entity><entity><id>22@NYT19980206.0460</id><span>1060,1064</span><type>Last</type></entity><entity><id>23@NYT19980206.0460</id><span>1065,1070</span><type>Calendar-Interval</type></entity><entity><id>24@NYT19980206.0460</id><span>1095,1102</span><type>Period</type></entity><entity><id>25@NYT19980206.0460</id><span>1179,1183</span><type>Last</type></entity><entity><id>26@NYT19980206.0460</id><span>1184,1189</span><type>Calendar-Interval</type></entity><entity><id>27@NYT19980206.0460</id><span>1199,1205</span><type>Calendar-Interval</type></entity><entity><id>28@NYT19980206.0460</id><span>1329,1333</span><type>Period</type></entity><entity><id>29@NYT19980206.0460</id><span>1334,1341</span><type>Before</type></entity><entity><id>30@NYT19980206.0460</id><span>1448,1452</span><type>Last</type></entity><entity><id>31@NYT19980206.0460</id><span>1453,1459</span><type>Period</type></entity><entity><id>32@NYT19980206.0460</id><span>1646,1652</span><type>Next</type></entity><entity><id>33@NYT19980206.0460</id><span>1653,1659</span><type>Period</type></entity><entity><id>34@NYT19980206.0460</id><span>1984,1987</span><type>Month-Of-Year</type></entity><entity><id>35@NYT19980206.0460</id><span>1989,1990</span><type>Day-Of-Month</type></entity><entity><id>36@NYT19980206.0460</id><span>2113,2115</span><type>Number</type></entity><entity><id>37@NYT19980206.0460</id><span>2116,2120</span><type>Period</type></entity><entity><id>38@NYT19980206.0460</id><span>2534,2539</span><type>Between</type></entity><entity><id>39@NYT19980206.0460</id><span>2615,2622</span><type>Month-Of-Year</type></entity><entity><id>40@NYT19980206.0460</id><span>2671,2675</span><type>Last</type></entity><entity><id>41@NYT19980206.0460</id><span>2676,2680</span><type>Season-Of-Year</type></entity><entity><id>42@NYT19980206.0460</id><span>2738,2743</span><type>After</type></entity><entity><id>43@NYT19980206.0460</id><span>2785,2791</span><type>Day-Of-Week</type></entity><entity><id>44@NYT19980206.0460</id><span>2795,2803</span><type>Month-Of-Year</type></entity><entity><id>45@NYT19980206.0460</id><span>2863,2870</span><type>Number</type></entity><entity><id>46@NYT19980206.0460</id><span>2873,2878</span><type>Calendar-Interval</type></entity><entity><id>47@NYT19980206.0460</id><span>2887,2891</span><type>Last</type></entity><entity><id>48@NYT19980206.0460</id><span>2892,2896</span><type>Number</type></entity><entity><id>49@NYT19980206.0460</id><span>2897,2903</span><type>Period</type></entity><entity><id>50@NYT19980206.0460</id><span>2927,2931</span><type>Last</type></entity><entity><id>51@NYT19980206.0460</id><span>2932,2937</span><type>Number</type></entity><entity><id>52@NYT19980206.0460</id><span>2938,2944</span><type>Period</type></entity><entity><id>53@NYT19980206.0460</id><span>2947,2952</span><type>After</type></entity><entity><id>54@NYT19980206.0460</id><span>2985,2989</span><type>Number</type></entity><entity><id>55@NYT19980206.0460</id><span>2990,2996</span><type>Period</type></entity><entity><id>56@NYT19980206.0460</id><span>3000,3004</span><type>Year</type></entity><entity><id>57@NYT19980206.0460</id><span>3197,3202</span><type>After</type></entity><entity><id>58@NYT19980206.0460</id><span>3441,3445</span><type>Last</type></entity><entity><id>59@NYT19980206.0460</id><span>3446,3449</span><type>Number</type></entity><entity><id>60@NYT19980206.0460</id><span>3450,3456</span><type>Period</type></entity><entity><id>61@NYT19980206.0460</id><span>3716,3720</span><type>Next</type></entity><entity><id>62@NYT19980206.0460</id><span>3939,3945</span><type>Day-Of-Week</type></entity><entity><id>63@NYT19980206.0460</id><span>4415,4422</span><type>Month-Of-Year</type></entity><entity><id>64@NYT19980206.0460</id><span>5166,5172</span><type>Before</type></entity><entity><id>65@NYT19980206.0460</id><span>5315,5321</span><type>Season-Of-Year</type></entity><entity><id>66@NYT19980206.0460</id><span>5404,5408</span><type>Last</type></entity><entity><id>67@NYT19980206.0460</id><span>5409,5414</span><type>Calendar-Interval</type></entity><entity><id>68@NYT19980206.0460</id><span>5435,5443</span><type>Month-Of-Year</type></entity><entity><id>69@NYT19980206.0460</id><span>5467,5473</span><type>Modifier</type></entity><entity><id>70@NYT19980206.0460</id><span>5474,5477</span><type>Number</type></entity><entity><id>71@NYT19980206.0460</id><span>5478,5485</span><type>Period</type></entity><entity><id>72@NYT19980206.0460</id><span>5560,5564</span><type>Period</type></entity><entity><id>73@NYT19980206.0460</id><span>5816,5823</span><type>Month-Of-Year</type></entity><entity><id>74@NYT19980206.0460</id><span>5939,5941</span><type>Month-Of-Year</type></entity><entity><id>75@NYT19980206.0460</id><span>5942,5944</span><type>Day-Of-Month</type></entity></annotations></data>