<?xml version='1.0' encoding='UTF-8'?>
<data><annotations><entity><id>0@ABC19980304.1830.1636</id><span>80,85</span><type>Calendar-Interval</type></entity><entity><id>1@ABC19980304.1830.1636</id><span>275,283</span><type>Month-Of-Year</type></entity><entity><id>2@ABC19980304.1830.1636</id><span>323,329</span><type>Before</type></entity><entity><id>3@ABC19980304.1830.1636</id><span>335,339</span><type>This</type></entity><entity><id>4@ABC19980304.1830.1636</id><span>340,344</span><type>Period</type></entity><entity><id>5@ABC19980304.1830.1636</id><span>465,470</span><type>Between</type></entity><entity><id>6@ABC19980304.1830.1636</id><span>471,477</span><type>Number</type></entity><entity><id>7@ABC19980304.1830.1636</id><span>478,483</span><type>Period</type></entity><entity><id>8@ABC19980304.1830.1636</id><span>484,489</span><type>After</type></entity><entity><id>9@ABC19980304.1830.1636</id><span>653,658</span><type>Between</type></entity><entity><id>10@ABC19980304.1830.1636</id><span>659,662</span><type>This</type></entity><entity><id>11@ABC19980304.1830.1636</id><span>769,774</span><type>After</type></entity><entity><id>12@ABC19980304.1830.1636</id><span>1064,1069</span><type>Between</type></entity><entity><id>13@ABC19980304.1830.1636</id><span>1070,1073</span><type>This</type></entity></annotations></data>