<?xml version='1.0' encoding='UTF-8'?>
<data><annotations><entity><id>0@bbc_20130322_1600</id><span>21,25</span><type>Year</type></entity><entity><id>1@bbc_20130322_1600</id><span>26,28</span><type>Month-Of-Year</type></entity><entity><id>2@bbc_20130322_1600</id><span>29,31</span><type>Day-Of-Month</type></entity><entity><id>3@bbc_20130322_1600</id><span>485,490</span><type>Between</type></entity><entity><id>4@bbc_20130322_1600</id><span>491,493</span><type>Hour-Of-Day</type></entity><entity><id>5@bbc_20130322_1600</id><span>494,496</span><type>Minute-Of-Hour</type></entity><entity><id>6@bbc_20130322_1600</id><span>497,500</span><type>AMPM-Of-Day</type></entity><entity><id>7@bbc_20130322_1600</id><span>501,509</span><type>Day-Of-Week</type></entity><entity><id>8@bbc_20130322_1600</id><span>653,657</span><type>Modifier</type></entity><entity><id>9@bbc_20130322_1600</id><span>660,664</span><type>Period</type></entity><entity><id>10@bbc_20130322_1600</id><span>665,671</span><type>Before</type></entity><entity><id>11@bbc_20130322_1600</id><span>693,699</span><type>Season-Of-Year</type></entity><entity><id>12@bbc_20130322_1600</id><span>700,704</span><type>Period</type></entity><entity><id>13@bbc_20130322_1600</id><span>802,808</span><type>Day-Of-Week</type></entity></annotations></data>