<?xml version='1.0' encoding='UTF-8'?>
<data><annotations><entity><id>0@wsj_0127</id><span>12,14</span><type>Month-Of-Year</type></entity><entity><id>1@wsj_0127</id><span>15,17</span><type>Day-Of-Month</type></entity><entity><id>2@wsj_0127</id><span>18,20</span><type>Two-Digit-Year</type></entity><entity><id>3@wsj_0127</id><span>124,125</span><type>Number</type></entity><entity><id>4@wsj_0127</id><span>126,132</span><type>Period</type></entity><entity><id>5@wsj_0127</id><span>161,163</span><type>Month-Of-Year</type></entity><entity><id>6@wsj_0127</id><span>164,166</span><type>Day-Of-Month</type></entity><entity><id>7@wsj_0127</id><span>167,169</span><type>Two-Digit-Year</type></entity><entity><id>8@wsj_0127</id><span>270,273</span><type>Number</type></entity><entity><id>9@wsj_0127</id><span>274,280</span><type>Period</type></entity><entity><id>10@wsj_0127</id><span>287,290</span><type>Month-Of-Year</type></entity><entity><id>11@wsj_0127</id><span>292,293</span><type>Day-Of-Month</type></entity><entity><id>12@wsj_0127</id><span>576,579</span><type>Number</type></entity><entity><id>13@wsj_0127</id><span>580,584</span><type>Frequency</type></entity><entity><id>14@wsj_0127</id><span>608,614</span><type>Last</type></entity><entity><id>15@wsj_0127</id><span>615,621</span><type>Period</type></entity><entity><id>16@wsj_0127</id><span>635,638</span><type>Number</type></entity><entity><id>17@wsj_0127</id><span>639,643</span><type>Frequency</type></entity><entity><id>18@wsj_0127</id><span>671,675</span><type>Year</type></entity><entity><id>19@wsj_0127</id><span>676,682</span><type>Period</type></entity><entity><id>20@wsj_0127</id><span>714,718</span><type>This</type></entity><entity><id>21@wsj_0127</id><span>719,723</span><type>Calendar-Interval</type></entity><entity><id>22@wsj_0127</id><span>754,758</span><type>Last</type></entity><entity><id>23@wsj_0127</id><span>759,763</span><type>Calendar-Interval</type></entity><entity><id>24@wsj_0127</id><span>794,800</span><type>Before</type></entity><entity><id>25@wsj_0127</id><span>975,980</span><type>Modifier</type></entity><entity><id>26@wsj_0127</id><span>989,998</span><type>Calendar-Interval</type></entity><entity><id>27@wsj_0127</id><span>1063,1066</span><type>Number</type></entity><entity><id>28@wsj_0127</id><span>1072,1073</span><type>Number</type></entity><entity><id>29@wsj_0127</id><span>1074,1079</span><type>Frequency</type></entity><entity><id>30@wsj_0127</id><span>1082,1086</span><type>Calendar-Interval</type></entity><entity><id>31@wsj_0127</id><span>1087,1094</span><type>Before</type></entity></annotations></data>