<?xml version='1.0' encoding='UTF-8'?>
<data><annotations><entity><id>0@wsj_0152</id><span>12,14</span><type>Month-Of-Year</type></entity><entity><id>1@wsj_0152</id><span>15,17</span><type>Day-Of-Month</type></entity><entity><id>2@wsj_0152</id><span>18,20</span><type>Two-Digit-Year</type></entity><entity><id>3@wsj_0152</id><span>139,144</span><type>Between</type></entity><entity><id>4@wsj_0152</id><span>145,148</span><type>Month-Of-Year</type></entity><entity><id>5@wsj_0152</id><span>150,151</span><type>Day-Of-Month</type></entity><entity><id>6@wsj_0152</id><span>152,154</span><type>Day-Of-Month</type></entity><entity><id>7@wsj_0152</id><span>155,157</span><type>Day-Of-Month</type></entity><entity><id>8@wsj_0152</id><span>158,160</span><type>Two-Digit-Year</type></entity><entity><id>9@wsj_0152</id><span>387,392</span><type>Between</type></entity><entity><id>10@wsj_0152</id><span>393,394</span><type>Hour-Of-Day</type></entity><entity><id>11@wsj_0152</id><span>395,396</span><type>AMPM-Of-Day</type></entity><entity><id>12@wsj_0152</id><span>397,398</span><type>Second-Of-Minute</type></entity><entity><id>13@wsj_0152</id><span>404,407</span><type>Month-Of-Year</type></entity><entity><id>14@wsj_0152</id><span>409,410</span><type>Day-Of-Month</type></entity><entity><id>15@wsj_0152</id><span>536,539</span><type>Month-Of-Year</type></entity><entity><id>16@wsj_0152</id><span>541,542</span><type>Day-Of-Month</type></entity></annotations></data>