<?xml version='1.0' encoding='UTF-8'?>
<data><annotations><entity><id>0@WSJ_20130322_159</id><span>20,25</span><type>Month-Of-Year</type></entity><entity><id>1@WSJ_20130322_159</id><span>26,28</span><type>Day-Of-Month</type></entity><entity><id>2@WSJ_20130322_159</id><span>30,34</span><type>Year</type></entity><entity><id>3@WSJ_20130322_159</id><span>149,155</span><type>Day-Of-Week</type></entity><entity><id>4@WSJ_20130322_159</id><span>904,907</span><type>Month-Of-Year</type></entity><entity><id>5@WSJ_20130322_159</id><span>908,912</span><type>Year</type></entity><entity><id>6@WSJ_20130322_159</id><span>1599,1604</span><type>Next</type></entity><entity><id>7@WSJ_20130322_159</id><span>1679,1683</span><type>Last</type></entity><entity><id>8@WSJ_20130322_159</id><span>1684,1687</span><type>Number</type></entity><entity><id>9@WSJ_20130322_159</id><span>1688,1693</span><type>Period</type></entity><entity><id>10@WSJ_20130322_159</id><span>1853,1857</span><type>This</type></entity><entity><id>11@WSJ_20130322_159</id><span>1858,1862</span><type>Calendar-Interval</type></entity><entity><id>12@WSJ_20130322_159</id><span>2071,2075</span><type>This</type></entity><entity><id>13@WSJ_20130322_159</id><span>2076,2080</span><type>Calendar-Interval</type></entity></annotations></data>