<?xml version='1.0' encoding='UTF-8'?>
<data><annotations><entity><id>0@VOA19980303.1600.0917</id><span>334,337</span><type>Number</type></entity><entity><id>1@VOA19980303.1600.0917</id><span>338,341</span><type>Calendar-Interval</type></entity><entity><id>2@VOA19980303.1600.0917</id><span>397,401</span><type>This</type></entity><entity><id>3@VOA19980303.1600.0917</id><span>402,406</span><type>Calendar-Interval</type></entity><entity><id>4@VOA19980303.1600.0917</id><span>502,507</span><type>Modifier</type></entity><entity><id>5@VOA19980303.1600.0917</id><span>508,515</span><type>Day-Of-Week</type></entity><entity><id>6@VOA19980303.1600.0917</id><span>524,527</span><type>Number</type></entity><entity><id>7@VOA19980303.1600.0917</id><span>528,531</span><type>Calendar-Interval</type></entity><entity><id>8@VOA19980303.1600.0917</id><span>603,606</span><type>Number</type></entity><entity><id>9@VOA19980303.1600.0917</id><span>607,611</span><type>Calendar-Interval</type></entity></annotations></data>