<?xml version='1.0' encoding='UTF-8'?>
<data><annotations><entity><id>0@APW19980826.0389</id><span>20,24</span><type>Year</type></entity><entity><id>1@APW19980826.0389</id><span>25,27</span><type>Month-Of-Year</type></entity><entity><id>2@APW19980826.0389</id><span>28,30</span><type>Day-Of-Month</type></entity><entity><id>3@APW19980826.0389</id><span>127,129</span><type>Month-Of-Year</type></entity><entity><id>4@APW19980826.0389</id><span>130,132</span><type>Day-Of-Month</type></entity><entity><id>5@APW19980826.0389</id><span>133,137</span><type>Year</type></entity><entity><id>6@APW19980826.0389</id><span>138,140</span><type>Hour-Of-Day</type></entity><entity><id>7@APW19980826.0389</id><span>141,143</span><type>Minute-Of-Hour</type></entity><entity><id>8@APW19980826.0389</id><span>144,146</span><type>Second-Of-Minute</type></entity><entity><id>9@APW19980826.0389</id><span>215,217</span><type>Month-Of-Year</type></entity><entity><id>10@APW19980826.0389</id><span>218,220</span><type>Day-Of-Month</type></entity><entity><id>11@APW19980826.0389</id><span>413,422</span><type>Day-Of-Week</type></entity><entity><id>12@APW19980826.0389</id><span>537,540</span><type>Month-Of-Year</type></entity><entity><id>13@APW19980826.0389</id><span>542,543</span><type>Day-Of-Month</type></entity><entity><id>14@APW19980826.0389</id><span>770,779</span><type>Day-Of-Week</type></entity><entity><id>15@APW19980826.0389</id><span>1388,1397</span><type>Month-Of-Year</type></entity><entity><id>16@APW19980826.0389</id><span>1492,1496</span><type>This</type></entity><entity><id>17@APW19980826.0389</id><span>1497,1503</span><type>Period</type></entity><entity><id>18@APW19980826.0389</id><span>1717,1726</span><type>Day-Of-Week</type></entity><entity><id>19@APW19980826.0389</id><span>1926,1928</span><type>Month-Of-Year</type></entity><entity><id>20@APW19980826.0389</id><span>1929,1931</span><type>Day-Of-Month</type></entity><entity><id>21@APW19980826.0389</id><span>1932,1934</span><type>Day-Of-Month</type></entity><entity><id>22@APW19980826.0389</id><span>1935,1937</span><type>Two-Digit-Year</type></entity></annotations></data>