<?xml version='1.0' encoding='UTF-8'?>
<data><annotations><entity><id>0@APW19981205.0374</id><span>5,9</span><type>Year</type></entity><entity><id>1@APW19981205.0374</id><span>20,22</span><type>Month-Of-Year</type></entity><entity><id>2@APW19981205.0374</id><span>23,25</span><type>Day-Of-Month</type></entity><entity><id>3@APW19981205.0374</id><span>26,30</span><type>Year</type></entity><entity><id>4@APW19981205.0374</id><span>31,33</span><type>Hour-Of-Day</type></entity><entity><id>5@APW19981205.0374</id><span>34,36</span><type>Minute-Of-Hour</type></entity><entity><id>6@APW19981205.0374</id><span>37,39</span><type>Second-Of-Minute</type></entity><entity><id>7@APW19981205.0374</id><span>101,105</span><type>Year</type></entity><entity><id>8@APW19981205.0374</id><span>128,130</span><type>Month-Of-Year</type></entity><entity><id>9@APW19981205.0374</id><span>131,133</span><type>Day-Of-Month</type></entity><entity><id>10@APW19981205.0374</id><span>134,138</span><type>Year</type></entity><entity><id>11@APW19981205.0374</id><span>139,141</span><type>Hour-Of-Day</type></entity><entity><id>12@APW19981205.0374</id><span>142,144</span><type>Minute-Of-Hour</type></entity><entity><id>13@APW19981205.0374</id><span>145,147</span><type>Second-Of-Minute</type></entity><entity><id>14@APW19981205.0374</id><span>214,216</span><type>Month-Of-Year</type></entity><entity><id>15@APW19981205.0374</id><span>217,219</span><type>Two-Digit-Year</type></entity><entity><id>16@APW19981205.0374</id><span>402,405</span><type>This</type></entity><entity><id>17@APW19981205.0374</id><span>564,572</span><type>Day-Of-Week</type></entity><entity><id>18@APW19981205.0374</id><span>591,596</span><type>Modifier</type></entity><entity><id>19@APW19981205.0374</id><span>597,601</span><type>This</type></entity><entity><id>20@APW19981205.0374</id><span>602,606</span><type>Calendar-Interval</type></entity><entity><id>21@APW19981205.0374</id><span>618,622</span><type>Last</type></entity><entity><id>22@APW19981205.0374</id><span>740,745</span><type>Month-Of-Year</type></entity><entity><id>23@APW19981205.0374</id><span>773,777</span><type>Period</type></entity><entity><id>24@APW19981205.0374</id><span>882,887</span><type>Month-Of-Year</type></entity><entity><id>25@APW19981205.0374</id><span>910,913</span><type>Number</type></entity><entity><id>26@APW19981205.0374</id><span>914,917</span><type>Calendar-Interval</type></entity><entity><id>27@APW19981205.0374</id><span>1232,1234</span><type>Month-Of-Year</type></entity><entity><id>28@APW19981205.0374</id><span>1235,1237</span><type>Day-Of-Month</type></entity><entity><id>29@APW19981205.0374</id><span>1238,1240</span><type>Two-Digit-Year</type></entity><entity><id>30@APW19981205.0374</id><span>1241,1243</span><type>Second-Of-Minute</type></entity><entity><id>31@APW19981205.0374</id><span>1244,1246</span><type>Period</type></entity><entity><id>32@APW19981205.0374</id><span>1246,1248</span><type>Period</type></entity></annotations></data>