<?xml version='1.0' encoding='UTF-8'?>
<data><annotations><entity><id>0@wsj_0027</id><span>12,14</span><type>Month-Of-Year</type></entity><entity><id>1@wsj_0027</id><span>15,17</span><type>Day-Of-Month</type></entity><entity><id>2@wsj_0027</id><span>18,20</span><type>Two-Digit-Year</type></entity><entity><id>3@wsj_0027</id><span>144,146</span><type>Month-Of-Year</type></entity><entity><id>4@wsj_0027</id><span>147,149</span><type>Day-Of-Month</type></entity><entity><id>5@wsj_0027</id><span>150,152</span><type>Two-Digit-Year</type></entity><entity><id>6@wsj_0027</id><span>481,486</span><type>Between</type></entity><entity><id>7@wsj_0027</id><span>584,593</span><type>This</type></entity><entity><id>8@wsj_0027</id><span>842,846</span><type>Last</type></entity><entity><id>9@wsj_0027</id><span>847,852</span><type>Number</type></entity><entity><id>10@wsj_0027</id><span>853,858</span><type>Period</type></entity><entity><id>11@wsj_0027</id><span>896,904</span><type>Last</type></entity><entity><id>12@wsj_0027</id><span>913,922</span><type>Calendar-Interval</type></entity><entity><id>13@wsj_0027</id><span>1003,1005</span><type>Number</type></entity><entity><id>14@wsj_0027</id><span>1006,1010</span><type>Period</type></entity><entity><id>15@wsj_0027</id><span>1085,1094</span><type>Calendar-Interval</type></entity><entity><id>16@wsj_0027</id><span>1248,1252</span><type>Last</type></entity><entity><id>17@wsj_0027</id><span>1253,1257</span><type>Calendar-Interval</type></entity></annotations></data>