<?xml version='1.0' encoding='UTF-8'?>
<data><annotations><entity><id>0@wsj_0165</id><span>12,14</span><type>Month-Of-Year</type></entity><entity><id>1@wsj_0165</id><span>15,17</span><type>Day-Of-Month</type></entity><entity><id>2@wsj_0165</id><span>18,20</span><type>Two-Digit-Year</type></entity><entity><id>3@wsj_0165</id><span>155,157</span><type>Month-Of-Year</type></entity><entity><id>4@wsj_0165</id><span>158,160</span><type>Day-Of-Month</type></entity><entity><id>5@wsj_0165</id><span>161,163</span><type>Two-Digit-Year</type></entity><entity><id>6@wsj_0165</id><span>601,606</span><type>Last</type></entity><entity><id>7@wsj_0165</id><span>786,795</span><type>Calendar-Interval</type></entity><entity><id>8@wsj_0165</id><span>881,882</span><type>Modifier</type></entity><entity><id>9@wsj_0165</id><span>882,886</span><type>Number</type></entity><entity><id>10@wsj_0165</id><span>889,893</span><type>Calendar-Interval</type></entity></annotations></data>