<?xml version='1.0' encoding='UTF-8'?>
<data><annotations><entity><id>0@CNN_20130322_248</id><span>20,25</span><type>Month-Of-Year</type></entity><entity><id>1@CNN_20130322_248</id><span>26,28</span><type>Day-Of-Month</type></entity><entity><id>2@CNN_20130322_248</id><span>30,34</span><type>Year</type></entity><entity><id>3@CNN_20130322_248</id><span>118,124</span><type>Day-Of-Week</type></entity><entity><id>4@CNN_20130322_248</id><span>284,288</span><type>Number</type></entity><entity><id>5@CNN_20130322_248</id><span>289,293</span><type>Calendar-Interval</type></entity><entity><id>6@CNN_20130322_248</id><span>350,355</span><type>Month-Of-Year</type></entity><entity><id>7@CNN_20130322_248</id><span>356,357</span><type>Day-Of-Month</type></entity><entity><id>8@CNN_20130322_248</id><span>486,492</span><type>Before</type></entity><entity><id>9@CNN_20130322_248</id><span>493,499</span><type>Day-Of-Week</type></entity><entity><id>10@CNN_20130322_248</id><span>741,745</span><type>This</type></entity><entity><id>11@CNN_20130322_248</id><span>753,757</span><type>Calendar-Interval</type></entity></annotations></data>