<?xml version='1.0' encoding='UTF-8'?>
<data><annotations><entity><id>0@PRI19980216.2000.0170</id><span>14,18</span><type>Year</type></entity><entity><id>1@PRI19980216.2000.0170</id><span>48,52</span><type>Year</type></entity><entity><id>2@PRI19980216.2000.0170</id><span>258,263</span><type>After</type></entity><entity><id>3@PRI19980216.2000.0170</id><span>349,353</span><type>Last</type></entity><entity><id>4@PRI19980216.2000.0170</id><span>354,358</span><type>Calendar-Interval</type></entity></annotations></data>