<?xml version='1.0' encoding='UTF-8'?>
<data><annotations><entity><id>0@APW19980807.0261</id><span>20,24</span><type>Year</type></entity><entity><id>1@APW19980807.0261</id><span>25,27</span><type>Month-Of-Year</type></entity><entity><id>2@APW19980807.0261</id><span>28,30</span><type>Day-Of-Month</type></entity><entity><id>3@APW19980807.0261</id><span>115,117</span><type>Month-Of-Year</type></entity><entity><id>4@APW19980807.0261</id><span>118,120</span><type>Day-Of-Month</type></entity><entity><id>5@APW19980807.0261</id><span>121,125</span><type>Year</type></entity><entity><id>6@APW19980807.0261</id><span>126,128</span><type>Hour-Of-Day</type></entity><entity><id>7@APW19980807.0261</id><span>129,131</span><type>Minute-Of-Hour</type></entity><entity><id>8@APW19980807.0261</id><span>132,134</span><type>Second-Of-Minute</type></entity><entity><id>9@APW19980807.0261</id><span>185,187</span><type>Month-Of-Year</type></entity><entity><id>10@APW19980807.0261</id><span>188,190</span><type>Day-Of-Month</type></entity><entity><id>11@APW19980807.0261</id><span>191,193</span><type>Day-Of-Month</type></entity><entity><id>12@APW19980807.0261</id><span>193,195</span><type>Second-Of-Minute</type></entity><entity><id>13@APW19980807.0261</id><span>579,585</span><type>Day-Of-Week</type></entity><entity><id>14@APW19980807.0261</id><span>916,920</span><type>This</type></entity><entity><id>15@APW19980807.0261</id><span>921,925</span><type>Period</type></entity><entity><id>16@APW19980807.0261</id><span>1065,1067</span><type>Month-Of-Year</type></entity><entity><id>17@APW19980807.0261</id><span>1068,1070</span><type>Month-Of-Year</type></entity><entity><id>18@APW19980807.0261</id><span>1071,1073</span><type>Two-Digit-Year</type></entity><entity><id>19@APW19980807.0261</id><span>1074,1076</span><type>Two-Digit-Year</type></entity></annotations></data>