<?xml version='1.0' encoding='UTF-8'?>
<data><annotations><entity><id>0@nyt_20130321_cyprus</id><span>23,27</span><type>Year</type></entity><entity><id>1@nyt_20130321_cyprus</id><span>28,30</span><type>Month-Of-Year</type></entity><entity><id>2@nyt_20130321_cyprus</id><span>31,33</span><type>Day-Of-Month</type></entity><entity><id>3@nyt_20130321_cyprus</id><span>998,1002</span><type>Last</type></entity><entity><id>4@nyt_20130321_cyprus</id><span>1003,1007</span><type>Calendar-Interval</type></entity><entity><id>5@nyt_20130321_cyprus</id><span>1424,1428</span><type>Year</type></entity><entity><id>6@nyt_20130321_cyprus</id><span>1843,1847</span><type>Period</type></entity><entity><id>7@nyt_20130321_cyprus</id><span>2104,2108</span><type>Year</type></entity><entity><id>8@nyt_20130321_cyprus</id><span>3050,3057</span><type>This</type></entity><entity><id>9@nyt_20130321_cyprus</id><span>3142,3147</span><type>After</type></entity><entity><id>10@nyt_20130321_cyprus</id><span>3312,3316</span><type>This</type></entity><entity><id>11@nyt_20130321_cyprus</id><span>3317,3321</span><type>Calendar-Interval</type></entity><entity><id>12@nyt_20130321_cyprus</id><span>3569,3573</span><type>Period</type></entity><entity><id>13@nyt_20130321_cyprus</id><span>3876,3882</span><type>Before</type></entity><entity><id>14@nyt_20130321_cyprus</id><span>3904,3908</span><type>Year</type></entity></annotations></data>