<?xml version='1.0' encoding='UTF-8'?>
<data><annotations><entity><id>0@wsj_0344</id><span>12,14</span><type>Month-Of-Year</type></entity><entity><id>1@wsj_0344</id><span>15,17</span><type>Day-Of-Month</type></entity><entity><id>2@wsj_0344</id><span>18,20</span><type>Two-Digit-Year</type></entity><entity><id>3@wsj_0344</id><span>126,128</span><type>Month-Of-Year</type></entity><entity><id>4@wsj_0344</id><span>129,131</span><type>Day-Of-Month</type></entity><entity><id>5@wsj_0344</id><span>132,134</span><type>Two-Digit-Year</type></entity><entity><id>6@wsj_0344</id><span>435,442</span><type>Calendar-Interval</type></entity><entity><id>7@wsj_0344</id><span>449,453</span><type>Month-Of-Year</type></entity><entity><id>8@wsj_0344</id><span>455,457</span><type>Day-Of-Month</type></entity><entity><id>9@wsj_0344</id><span>558,564</span><type>Period</type></entity><entity><id>10@wsj_0344</id><span>565,569</span><type>Last</type></entity><entity><id>11@wsj_0344</id><span>570,574</span><type>Calendar-Interval</type></entity><entity><id>12@wsj_0344</id><span>576,580</span><type>This</type></entity><entity><id>13@wsj_0344</id><span>581,588</span><type>Calendar-Interval</type></entity><entity><id>14@wsj_0344</id><span>849,852</span><type>Last</type></entity><entity><id>15@wsj_0344</id><span>1359,1363</span><type>This</type></entity><entity><id>16@wsj_0344</id><span>1364,1368</span><type>Calendar-Interval</type></entity><entity><id>17@wsj_0344</id><span>1377,1384</span><type>Calendar-Interval</type></entity><entity><id>18@wsj_0344</id><span>1427,1431</span><type>Last</type></entity><entity><id>19@wsj_0344</id><span>1432,1436</span><type>Calendar-Interval</type></entity><entity><id>20@wsj_0344</id><span>1539,1546</span><type>This</type></entity><entity><id>21@wsj_0344</id><span>1547,1551</span><type>Calendar-Interval</type></entity><entity><id>22@wsj_0344</id><span>1728,1732</span><type>Last</type></entity><entity><id>23@wsj_0344</id><span>1733,1737</span><type>Calendar-Interval</type></entity><entity><id>24@wsj_0344</id><span>1740,1747</span><type>Calendar-Interval</type></entity></annotations></data>