<?xml version='1.0' encoding='UTF-8'?>
<data><annotations><entity><id>0@wsj_0032</id><span>12,14</span><type>Month-Of-Year</type></entity><entity><id>1@wsj_0032</id><span>15,17</span><type>Day-Of-Month</type></entity><entity><id>2@wsj_0032</id><span>18,20</span><type>Two-Digit-Year</type></entity><entity><id>3@wsj_0032</id><span>88,90</span><type>Month-Of-Year</type></entity><entity><id>4@wsj_0032</id><span>91,93</span><type>Day-Of-Month</type></entity><entity><id>5@wsj_0032</id><span>94,96</span><type>Two-Digit-Year</type></entity><entity><id>6@wsj_0032</id><span>483,488</span><type>Calendar-Interval</type></entity><entity><id>7@wsj_0032</id><span>562,565</span><type>Modifier</type></entity><entity><id>8@wsj_0032</id><span>569,577</span><type>Month-Of-Year</type></entity><entity><id>9@wsj_0032</id><span>591,600</span><type>This</type></entity><entity><id>10@wsj_0032</id><span>700,710</span><type>Last</type></entity></annotations></data>