<?xml version='1.0' encoding='UTF-8'?>
<data><annotations><entity><id>0@wsj_0159</id><span>13,15</span><type>Month-Of-Year</type></entity><entity><id>1@wsj_0159</id><span>16,18</span><type>Day-Of-Month</type></entity><entity><id>2@wsj_0159</id><span>19,21</span><type>Two-Digit-Year</type></entity><entity><id>3@wsj_0159</id><span>158,160</span><type>Month-Of-Year</type></entity><entity><id>4@wsj_0159</id><span>161,163</span><type>Day-Of-Month</type></entity><entity><id>5@wsj_0159</id><span>164,166</span><type>Two-Digit-Year</type></entity><entity><id>6@wsj_0159</id><span>427,430</span><type>Month-Of-Year</type></entity><entity><id>7@wsj_0159</id><span>432,434</span><type>Day-Of-Month</type></entity><entity><id>8@wsj_0159</id><span>440,442</span><type>Number</type></entity><entity><id>9@wsj_0159</id><span>541,550</span><type>Calendar-Interval</type></entity><entity><id>10@wsj_0159</id><span>1101,1104</span><type>Month-Of-Year</type></entity><entity><id>11@wsj_0159</id><span>1106,1108</span><type>Day-Of-Month</type></entity></annotations></data>