<?xml version='1.0' encoding='UTF-8'?>
<data><annotations><entity><id>0@wsj_0321</id><span>12,14</span><type>Month-Of-Year</type></entity><entity><id>1@wsj_0321</id><span>15,17</span><type>Day-Of-Month</type></entity><entity><id>2@wsj_0321</id><span>18,20</span><type>Two-Digit-Year</type></entity><entity><id>3@wsj_0321</id><span>154,156</span><type>Month-Of-Year</type></entity><entity><id>4@wsj_0321</id><span>157,159</span><type>Day-Of-Month</type></entity><entity><id>5@wsj_0321</id><span>160,162</span><type>Two-Digit-Year</type></entity><entity><id>6@wsj_0321</id><span>423,432</span><type>Calendar-Interval</type></entity><entity><id>7@wsj_0321</id><span>846,853</span><type>Last</type></entity></annotations></data>