<?xml version='1.0' encoding='UTF-8'?>
<data><annotations><entity><id>0@PRI19980115.2000.0186</id><span>5,9</span><type>Year</type></entity><entity><id>1@PRI19980115.2000.0186</id><span>11,13</span><type>Day-Of-Month</type></entity><entity><id>2@PRI19980115.2000.0186</id><span>14,18</span><type>Year</type></entity><entity><id>3@PRI19980115.2000.0186</id><span>25,29</span><type>Year</type></entity><entity><id>4@PRI19980115.2000.0186</id><span>39,43</span><type>Year</type></entity><entity><id>5@PRI19980115.2000.0186</id><span>43,45</span><type>Month-Of-Year</type></entity><entity><id>6@PRI19980115.2000.0186</id><span>45,47</span><type>Day-Of-Month</type></entity><entity><id>7@PRI19980115.2000.0186</id><span>48,52</span><type>Year</type></entity><entity><id>8@PRI19980115.2000.0186</id><span>300,308</span><type>Number</type></entity><entity><id>9@PRI19980115.2000.0186</id><span>309,315</span><type>Period</type></entity><entity><id>10@PRI19980115.2000.0186</id><span>638,644</span><type>Period</type></entity><entity><id>11@PRI19980115.2000.0186</id><span>719,725</span><type>Before</type></entity><entity><id>12@PRI19980115.2000.0186</id><span>754,757</span><type>This</type></entity><entity><id>13@PRI19980115.2000.0186</id><span>842,847</span><type>Between</type></entity><entity><id>14@PRI19980115.2000.0186</id><span>894,900</span><type>Before</type></entity></annotations></data>