<?xml version='1.0' encoding='UTF-8'?>
<data><annotations><entity><id>0@ed980111.1130.0089</id><span>164,168</span><type>Next</type></entity><entity><id>1@ed980111.1130.0089</id><span>169,176</span><type>Number</type></entity><entity><id>2@ed980111.1130.0089</id><span>177,181</span><type>Period</type></entity><entity><id>3@ed980111.1130.0089</id><span>303,312</span><type>Calendar-Interval</type></entity><entity><id>4@ed980111.1130.0089</id><span>436,441</span><type>Calendar-Interval</type></entity><entity><id>5@ed980111.1130.0089</id><span>490,495</span><type>Calendar-Interval</type></entity><entity><id>6@ed980111.1130.0089</id><span>674,679</span><type>Period</type></entity></annotations></data>