<?xml version='1.0' encoding='UTF-8'?>
<data><annotations><entity><id>0@APW19980306.1001</id><span>20,22</span><type>Month-Of-Year</type></entity><entity><id>1@APW19980306.1001</id><span>23,25</span><type>Day-Of-Month</type></entity><entity><id>2@APW19980306.1001</id><span>26,30</span><type>Year</type></entity><entity><id>3@APW19980306.1001</id><span>31,33</span><type>Hour-Of-Day</type></entity><entity><id>4@APW19980306.1001</id><span>34,36</span><type>Minute-Of-Hour</type></entity><entity><id>5@APW19980306.1001</id><span>37,39</span><type>Second-Of-Minute</type></entity><entity><id>6@APW19980306.1001</id><span>70,72</span><type>Month-Of-Year</type></entity><entity><id>7@APW19980306.1001</id><span>73,75</span><type>Day-Of-Month</type></entity><entity><id>8@APW19980306.1001</id><span>76,80</span><type>Year</type></entity><entity><id>9@APW19980306.1001</id><span>81,83</span><type>Hour-Of-Day</type></entity><entity><id>10@APW19980306.1001</id><span>84,86</span><type>Minute-Of-Hour</type></entity><entity><id>11@APW19980306.1001</id><span>87,89</span><type>Second-Of-Minute</type></entity><entity><id>12@APW19980306.1001</id><span>232,234</span><type>Part-Of-Day</type></entity><entity><id>13@APW19980306.1001</id><span>463,469</span><type>Day-Of-Week</type></entity><entity><id>14@APW19980306.1001</id><span>471,477</span><type>Modifier</type></entity><entity><id>15@APW19980306.1001</id><span>478,481</span><type>Number</type></entity><entity><id>16@APW19980306.1001</id><span>482,488</span><type>Period</type></entity><entity><id>17@APW19980306.1001</id><span>489,494</span><type>After</type></entity><entity><id>18@APW19980306.1001</id><span>560,562</span><type>Number</type></entity><entity><id>19@APW19980306.1001</id><span>563,567</span><type>Calendar-Interval</type></entity><entity><id>20@APW19980306.1001</id><span>954,964</span><type>Last</type></entity><entity><id>21@APW19980306.1001</id><span>1191,1195</span><type>Period</type></entity><entity><id>22@APW19980306.1001</id><span>1221,1229</span><type>Day-Of-Week</type></entity><entity><id>23@APW19980306.1001</id><span>1280,1284</span><type>Modifier</type></entity><entity><id>24@APW19980306.1001</id><span>1287,1291</span><type>Calendar-Interval</type></entity><entity><id>25@APW19980306.1001</id><span>1337,1342</span><type>Between</type></entity><entity><id>26@APW19980306.1001</id><span>1343,1346</span><type>Month-Of-Year</type></entity><entity><id>27@APW19980306.1001</id><span>1348,1350</span><type>Day-Of-Month</type></entity><entity><id>28@APW19980306.1001</id><span>1636,1641</span><type>Calendar-Interval</type></entity><entity><id>29@APW19980306.1001</id><span>1705,1711</span><type>Day-Of-Week</type></entity><entity><id>30@APW19980306.1001</id><span>2247,2250</span><type>Month-Of-Year</type></entity><entity><id>31@APW19980306.1001</id><span>2252,2254</span><type>Day-Of-Month</type></entity><entity><id>32@APW19980306.1001</id><span>2862,2870</span><type>Day-Of-Week</type></entity><entity><id>33@APW19980306.1001</id><span>2923,2928</span><type>Between</type></entity><entity><id>34@APW19980306.1001</id><span>3082,3088</span><type>Next</type></entity><entity><id>35@APW19980306.1001</id><span>3239,3247</span><type>Day-Of-Week</type></entity><entity><id>36@APW19980306.1001</id><span>3301,3303</span><type>Period</type></entity><entity><id>37@APW19980306.1001</id><span>3476,3481</span><type>Between</type></entity><entity><id>38@APW19980306.1001</id><span>3557,3563</span><type>Day-Of-Week</type></entity><entity><id>39@APW19980306.1001</id><span>3660,3666</span><type>Before</type></entity><entity><id>40@APW19980306.1001</id><span>3688,3692</span><type>Next</type></entity><entity><id>41@APW19980306.1001</id><span>3693,3697</span><type>Calendar-Interval</type></entity><entity><id>42@APW19980306.1001</id><span>3785,3790</span><type>After</type></entity><entity><id>43@APW19980306.1001</id><span>3795,3799</span><type>Year</type></entity><entity><id>44@APW19980306.1001</id><span>3819,3824</span><type>Between</type></entity><entity><id>45@APW19980306.1001</id><span>4058,4060</span><type>Month-Of-Year</type></entity><entity><id>46@APW19980306.1001</id><span>4061,4063</span><type>Day-Of-Month</type></entity><entity><id>47@APW19980306.1001</id><span>4064,4066</span><type>Two-Digit-Year</type></entity></annotations></data>