<?xml version='1.0' encoding='UTF-8'?>
<data><annotations><entity><id>0@nyt_20130322_strange_computer</id><span>33,37</span><type>Year</type></entity><entity><id>1@nyt_20130322_strange_computer</id><span>38,40</span><type>Month-Of-Year</type></entity><entity><id>2@nyt_20130322_strange_computer</id><span>41,43</span><type>Day-Of-Month</type></entity><entity><id>3@nyt_20130322_strange_computer</id><span>565,569</span><type>Period</type></entity><entity><id>4@nyt_20130322_strange_computer</id><span>821,824</span><type>This</type></entity><entity><id>5@nyt_20130322_strange_computer</id><span>859,864</span><type>Modifier</type></entity><entity><id>6@nyt_20130322_strange_computer</id><span>933,936</span><type>Number</type></entity><entity><id>7@nyt_20130322_strange_computer</id><span>937,942</span><type>Period</type></entity><entity><id>8@nyt_20130322_strange_computer</id><span>943,946</span><type>Before</type></entity><entity><id>9@nyt_20130322_strange_computer</id><span>1445,1450</span><type>Calendar-Interval</type></entity><entity><id>10@nyt_20130322_strange_computer</id><span>1819,1822</span><type>This</type></entity><entity><id>11@nyt_20130322_strange_computer</id><span>1828,1833</span><type>Period</type></entity></annotations></data>