<?xml version='1.0' encoding='UTF-8'?>
<data><annotations><entity><id>0@ABC19980114.1830.0611</id><span>5,9</span><type>Year</type></entity><entity><id>1@ABC19980114.1830.0611</id><span>25,29</span><type>Year</type></entity><entity><id>2@ABC19980114.1830.0611</id><span>39,43</span><type>Year</type></entity><entity><id>3@ABC19980114.1830.0611</id><span>86,91</span><type>Calendar-Interval</type></entity><entity><id>4@ABC19980114.1830.0611</id><span>173,178</span><type>Part-Of-Day</type></entity><entity><id>5@ABC19980114.1830.0611</id><span>290,296</span><type>Period</type></entity><entity><id>6@ABC19980114.1830.0611</id><span>362,366</span><type>Last</type></entity><entity><id>7@ABC19980114.1830.0611</id><span>575,581</span><type>Calendar-Interval</type></entity><entity><id>8@ABC19980114.1830.0611</id><span>593,598</span><type>After</type></entity><entity><id>9@ABC19980114.1830.0611</id><span>897,902</span><type>Next</type></entity><entity><id>10@ABC19980114.1830.0611</id><span>1139,1142</span><type>This</type></entity><entity><id>11@ABC19980114.1830.0611</id><span>1143,1148</span><type>Period</type></entity></annotations></data>