<?xml version='1.0' encoding='UTF-8'?>
<data><annotations><entity><id>0@wsj_0073</id><span>12,14</span><type>Month-Of-Year</type></entity><entity><id>1@wsj_0073</id><span>15,17</span><type>Day-Of-Month</type></entity><entity><id>2@wsj_0073</id><span>18,20</span><type>Two-Digit-Year</type></entity><entity><id>3@wsj_0073</id><span>86,88</span><type>Month-Of-Year</type></entity><entity><id>4@wsj_0073</id><span>89,91</span><type>Day-Of-Month</type></entity><entity><id>5@wsj_0073</id><span>92,94</span><type>Two-Digit-Year</type></entity><entity><id>6@wsj_0073</id><span>330,333</span><type>Modifier</type></entity><entity><id>7@wsj_0073</id><span>337,341</span><type>This</type></entity><entity><id>8@wsj_0073</id><span>342,346</span><type>Calendar-Interval</type></entity><entity><id>9@wsj_0073</id><span>515,519</span><type>Year</type></entity><entity><id>10@wsj_0073</id><span>605,608</span><type>Month-Of-Year</type></entity><entity><id>11@wsj_0073</id><span>610,612</span><type>Day-Of-Month</type></entity></annotations></data>