<?xml version='1.0' encoding='UTF-8'?>
<data><annotations><entity><id>0@APW19980808.0022</id><span>20,24</span><type>Year</type></entity><entity><id>1@APW19980808.0022</id><span>25,27</span><type>Month-Of-Year</type></entity><entity><id>2@APW19980808.0022</id><span>28,30</span><type>Day-Of-Month</type></entity><entity><id>3@APW19980808.0022</id><span>116,118</span><type>Month-Of-Year</type></entity><entity><id>4@APW19980808.0022</id><span>119,121</span><type>Day-Of-Month</type></entity><entity><id>5@APW19980808.0022</id><span>122,126</span><type>Year</type></entity><entity><id>6@APW19980808.0022</id><span>127,129</span><type>Hour-Of-Day</type></entity><entity><id>7@APW19980808.0022</id><span>130,132</span><type>Minute-Of-Hour</type></entity><entity><id>8@APW19980808.0022</id><span>133,135</span><type>Second-Of-Minute</type></entity><entity><id>9@APW19980808.0022</id><span>208,210</span><type>Month-Of-Year</type></entity><entity><id>10@APW19980808.0022</id><span>211,213</span><type>Day-Of-Month</type></entity><entity><id>11@APW19980808.0022</id><span>944,948</span><type>Part-Of-Day</type></entity><entity><id>12@APW19980808.0022</id><span>955,963</span><type>Day-Of-Week</type></entity><entity><id>13@APW19980808.0022</id><span>1152,1159</span><type>Calendar-Interval</type></entity><entity><id>14@APW19980808.0022</id><span>1169,1175</span><type>Day-Of-Week</type></entity><entity><id>15@APW19980808.0022</id><span>1532,1537</span><type>Modifier</type></entity><entity><id>16@APW19980808.0022</id><span>1538,1540</span><type>Hour-Of-Day</type></entity><entity><id>17@APW19980808.0022</id><span>1541,1543</span><type>Minute-Of-Hour</type></entity><entity><id>18@APW19980808.0022</id><span>1544,1545</span><type>AMPM-Of-Day</type></entity><entity><id>19@APW19980808.0022</id><span>1546,1547</span><type>Second-Of-Minute</type></entity><entity><id>20@APW19980808.0022</id><span>1560,1566</span><type>Day-Of-Week</type></entity><entity><id>21@APW19980808.0022</id><span>1968,1970</span><type>Month-Of-Year</type></entity><entity><id>22@APW19980808.0022</id><span>1971,1973</span><type>Day-Of-Month</type></entity><entity><id>23@APW19980808.0022</id><span>1974,1976</span><type>Two-Digit-Year</type></entity></annotations></data>