<?xml version='1.0' encoding='UTF-8'?>
<data><annotations><entity><id>0@CNN19980222.1130.0084</id><span>334,339</span><type>Number</type></entity><entity><id>1@CNN19980222.1130.0084</id><span>340,344</span><type>Period</type></entity><entity><id>2@CNN19980222.1130.0084</id><span>400,405</span><type>Calendar-Interval</type></entity><entity><id>3@CNN19980222.1130.0084</id><span>473,478</span><type>Modifier</type></entity><entity><id>4@CNN19980222.1130.0084</id><span>479,483</span><type>This</type></entity><entity><id>5@CNN19980222.1130.0084</id><span>484,493</span><type>Part-Of-Day</type></entity><entity><id>6@CNN19980222.1130.0084</id><span>594,599</span><type>Number</type></entity><entity><id>7@CNN19980222.1130.0084</id><span>600,604</span><type>Period</type></entity></annotations></data>