<?xml version='1.0' encoding='UTF-8'?>
<data><annotations><entity><id>0@APW19980820.1428</id><span>20,24</span><type>Year</type></entity><entity><id>1@APW19980820.1428</id><span>25,27</span><type>Month-Of-Year</type></entity><entity><id>2@APW19980820.1428</id><span>28,30</span><type>Day-Of-Month</type></entity><entity><id>3@APW19980820.1428</id><span>129,131</span><type>Month-Of-Year</type></entity><entity><id>4@APW19980820.1428</id><span>132,134</span><type>Day-Of-Month</type></entity><entity><id>5@APW19980820.1428</id><span>135,139</span><type>Year</type></entity><entity><id>6@APW19980820.1428</id><span>140,142</span><type>Hour-Of-Day</type></entity><entity><id>7@APW19980820.1428</id><span>143,145</span><type>Minute-Of-Hour</type></entity><entity><id>8@APW19980820.1428</id><span>146,148</span><type>Second-Of-Minute</type></entity><entity><id>9@APW19980820.1428</id><span>217,219</span><type>Month-Of-Year</type></entity><entity><id>10@APW19980820.1428</id><span>220,222</span><type>Day-Of-Month</type></entity><entity><id>11@APW19980820.1428</id><span>453,459</span><type>Day-Of-Week</type></entity><entity><id>12@APW19980820.1428</id><span>609,613</span><type>This</type></entity><entity><id>13@APW19980820.1428</id><span>614,619</span><type>Calendar-Interval</type></entity><entity><id>14@APW19980820.1428</id><span>770,772</span><type>Number</type></entity><entity><id>15@APW19980820.1428</id><span>773,777</span><type>Calendar-Interval</type></entity><entity><id>16@APW19980820.1428</id><span>778,783</span><type>After</type></entity><entity><id>17@APW19980820.1428</id><span>840,848</span><type>Day-Of-Week</type></entity><entity><id>18@APW19980820.1428</id><span>1171,1174</span><type>Month-Of-Year</type></entity><entity><id>19@APW19980820.1428</id><span>1176,1177</span><type>Day-Of-Month</type></entity><entity><id>20@APW19980820.1428</id><span>1382,1391</span><type>Part-Of-Day</type></entity><entity><id>21@APW19980820.1428</id><span>1579,1581</span><type>Month-Of-Year</type></entity><entity><id>22@APW19980820.1428</id><span>1582,1584</span><type>Day-Of-Month</type></entity><entity><id>23@APW19980820.1428</id><span>1585,1587</span><type>Two-Digit-Year</type></entity></annotations></data>