<?xml version='1.0' encoding='UTF-8'?>
<data><annotations><entity><id>0@CNN19980126.1600.1104</id><span>5,9</span><type>Year</type></entity><entity><id>1@CNN19980126.1600.1104</id><span>25,29</span><type>Year</type></entity><entity><id>2@CNN19980126.1600.1104</id><span>39,43</span><type>Year</type></entity><entity><id>3@CNN19980126.1600.1104</id><span>360,367</span><type>Last</type></entity><entity><id>4@CNN19980126.1600.1104</id><span>443,450</span><type>Period</type></entity><entity><id>5@CNN19980126.1600.1104</id><span>575,578</span><type>This</type></entity><entity><id>6@CNN19980126.1600.1104</id><span>948,953</span><type>Calendar-Interval</type></entity></annotations></data>