<?xml version='1.0' encoding='UTF-8'?>
<data><annotations><entity><id>0@CNN_20130322_1003</id><span>21,26</span><type>Month-Of-Year</type></entity><entity><id>1@CNN_20130322_1003</id><span>27,29</span><type>Day-Of-Month</type></entity><entity><id>2@CNN_20130322_1003</id><span>31,35</span><type>Year</type></entity><entity><id>3@CNN_20130322_1003</id><span>129,133</span><type>Last</type></entity><entity><id>4@CNN_20130322_1003</id><span>134,140</span><type>Season-Of-Year</type></entity><entity><id>5@CNN_20130322_1003</id><span>179,187</span><type>Day-Of-Week</type></entity><entity><id>6@CNN_20130322_1003</id><span>261,263</span><type>Period</type></entity><entity><id>7@CNN_20130322_1003</id><span>347,351</span><type>Modifier</type></entity><entity><id>8@CNN_20130322_1003</id><span>352,356</span><type>Last</type></entity><entity><id>9@CNN_20130322_1003</id><span>357,361</span><type>Month-Of-Year</type></entity><entity><id>10@CNN_20130322_1003</id><span>369,371</span><type>Number</type></entity><entity><id>11@CNN_20130322_1003</id><span>372,376</span><type>Period</type></entity><entity><id>12@CNN_20130322_1003</id><span>401,408</span><type>Number</type></entity><entity><id>13@CNN_20130322_1003</id><span>409,413</span><type>Period</type></entity><entity><id>14@CNN_20130322_1003</id><span>605,608</span><type>This</type></entity><entity><id>15@CNN_20130322_1003</id><span>609,612</span><type>Calendar-Interval</type></entity><entity><id>16@CNN_20130322_1003</id><span>613,619</span><type>Before</type></entity><entity><id>17@CNN_20130322_1003</id><span>966,971</span><type>Modifier</type></entity><entity><id>18@CNN_20130322_1003</id><span>972,978</span><type>Month-Of-Year</type></entity><entity><id>19@CNN_20130322_1003</id><span>1064,1072</span><type>Day-Of-Week</type></entity><entity><id>20@CNN_20130322_1003</id><span>1151,1153</span><type>Number</type></entity><entity><id>21@CNN_20130322_1003</id><span>1154,1158</span><type>Period</type></entity><entity><id>22@CNN_20130322_1003</id><span>1171,1175</span><type>Number</type></entity><entity><id>23@CNN_20130322_1003</id><span>1176,1181</span><type>Period</type></entity><entity><id>24@CNN_20130322_1003</id><span>1397,1403</span><type>Month-Of-Year</type></entity><entity><id>25@CNN_20130322_1003</id><span>1445,1450</span><type>After</type></entity><entity><id>26@CNN_20130322_1003</id><span>1480,1484</span><type>Month-Of-Year</type></entity><entity><id>27@CNN_20130322_1003</id><span>1552,1558</span><type>Before</type></entity><entity><id>28@CNN_20130322_1003</id><span>1675,1681</span><type>Day-Of-Week</type></entity><entity><id>29@CNN_20130322_1003</id><span>1682,1687</span><type>Part-Of-Day</type></entity><entity><id>30@CNN_20130322_1003</id><span>1691,1692</span><type>Hour-Of-Day</type></entity><entity><id>31@CNN_20130322_1003</id><span>1693,1695</span><type>AMPM-Of-Day</type></entity><entity><id>32@CNN_20130322_1003</id><span>1755,1758</span><type>This</type></entity><entity><id>33@CNN_20130322_1003</id><span>1759,1762</span><type>Calendar-Interval</type></entity><entity><id>34@CNN_20130322_1003</id><span>1763,1769</span><type>Before</type></entity><entity><id>35@CNN_20130322_1003</id><span>1922,1927</span><type>After</type></entity><entity><id>36@CNN_20130322_1003</id><span>2071,2077</span><type>Month-Of-Year</type></entity><entity><id>37@CNN_20130322_1003</id><span>2237,2245</span><type>Day-Of-Week</type></entity><entity><id>38@CNN_20130322_1003</id><span>2265,2268</span><type>This</type></entity><entity><id>39@CNN_20130322_1003</id><span>2379,2385</span><type>Last</type></entity><entity><id>40@CNN_20130322_1003</id><span>2386,2391</span><type>Period</type></entity><entity><id>41@CNN_20130322_1003</id><span>2495,2499</span><type>Period</type></entity><entity><id>42@CNN_20130322_1003</id><span>2593,2598</span><type>Between</type></entity><entity><id>43@CNN_20130322_1003</id><span>2688,2691</span><type>This</type></entity><entity><id>44@CNN_20130322_1003</id><span>2692,2696</span><type>Period</type></entity></annotations></data>