<?xml version='1.0' encoding='UTF-8'?>
<data><annotations><entity><id>0@APW19980501.0480</id><span>20,22</span><type>Month-Of-Year</type></entity><entity><id>1@APW19980501.0480</id><span>23,25</span><type>Day-Of-Month</type></entity><entity><id>2@APW19980501.0480</id><span>26,30</span><type>Year</type></entity><entity><id>3@APW19980501.0480</id><span>31,33</span><type>Hour-Of-Day</type></entity><entity><id>4@APW19980501.0480</id><span>34,36</span><type>Minute-Of-Hour</type></entity><entity><id>5@APW19980501.0480</id><span>37,39</span><type>Second-Of-Minute</type></entity><entity><id>6@APW19980501.0480</id><span>70,72</span><type>Month-Of-Year</type></entity><entity><id>7@APW19980501.0480</id><span>73,75</span><type>Day-Of-Month</type></entity><entity><id>8@APW19980501.0480</id><span>76,80</span><type>Year</type></entity><entity><id>9@APW19980501.0480</id><span>81,83</span><type>Hour-Of-Day</type></entity><entity><id>10@APW19980501.0480</id><span>84,86</span><type>Minute-Of-Hour</type></entity><entity><id>11@APW19980501.0480</id><span>87,89</span><type>Second-Of-Minute</type></entity><entity><id>12@APW19980501.0480</id><span>316,321</span><type>Month-Of-Year</type></entity><entity><id>13@APW19980501.0480</id><span>322,324</span><type>Day-Of-Month</type></entity><entity><id>14@APW19980501.0480</id><span>326,330</span><type>Year</type></entity><entity><id>15@APW19980501.0480</id><span>384,388</span><type>Year</type></entity><entity><id>16@APW19980501.0480</id><span>666,670</span><type>Period</type></entity><entity><id>17@APW19980501.0480</id><span>1027,1030</span><type>This</type></entity><entity><id>18@APW19980501.0480</id><span>3517,3523</span><type>Next</type></entity><entity><id>19@APW19980501.0480</id><span>3668,3672</span><type>Year</type></entity><entity><id>20@APW19980501.0480</id><span>3845,3847</span><type>Month-Of-Year</type></entity><entity><id>21@APW19980501.0480</id><span>3848,3850</span><type>Day-Of-Month</type></entity><entity><id>22@APW19980501.0480</id><span>3851,3853</span><type>Two-Digit-Year</type></entity></annotations></data>