<?xml version='1.0' encoding='UTF-8'?>
<data><annotations><entity><id>0@APW19980930.0425</id><span>20,24</span><type>Year</type></entity><entity><id>1@APW19980930.0425</id><span>25,27</span><type>Month-Of-Year</type></entity><entity><id>2@APW19980930.0425</id><span>28,30</span><type>Day-Of-Month</type></entity><entity><id>3@APW19980930.0425</id><span>125,127</span><type>Month-Of-Year</type></entity><entity><id>4@APW19980930.0425</id><span>128,130</span><type>Day-Of-Month</type></entity><entity><id>5@APW19980930.0425</id><span>131,135</span><type>Year</type></entity><entity><id>6@APW19980930.0425</id><span>136,138</span><type>Hour-Of-Day</type></entity><entity><id>7@APW19980930.0425</id><span>139,141</span><type>Minute-Of-Hour</type></entity><entity><id>8@APW19980930.0425</id><span>142,144</span><type>Second-Of-Minute</type></entity><entity><id>9@APW19980930.0425</id><span>213,215</span><type>Month-Of-Year</type></entity><entity><id>10@APW19980930.0425</id><span>216,218</span><type>Day-Of-Month</type></entity><entity><id>11@APW19980930.0425</id><span>403,412</span><type>Day-Of-Week</type></entity><entity><id>12@APW19980930.0425</id><span>566,575</span><type>Period</type></entity><entity><id>13@APW19980930.0425</id><span>728,732</span><type>This</type></entity><entity><id>14@APW19980930.0425</id><span>733,737</span><type>Period</type></entity><entity><id>15@APW19980930.0425</id><span>777,783</span><type>Next</type></entity><entity><id>16@APW19980930.0425</id><span>849,852</span><type>Month-Of-Year</type></entity><entity><id>17@APW19980930.0425</id><span>854,855</span><type>Day-Of-Month</type></entity><entity><id>18@APW19980930.0425</id><span>1106,1110</span><type>Year</type></entity><entity><id>19@APW19980930.0425</id><span>1150,1158</span><type>Day-Of-Week</type></entity><entity><id>20@APW19980930.0425</id><span>1754,1760</span><type>Day-Of-Week</type></entity><entity><id>21@APW19980930.0425</id><span>2014,2016</span><type>Month-Of-Year</type></entity><entity><id>22@APW19980930.0425</id><span>2017,2019</span><type>Day-Of-Month</type></entity><entity><id>23@APW19980930.0425</id><span>2020,2022</span><type>Day-Of-Month</type></entity></annotations></data>