<?xml version='1.0' encoding='UTF-8'?>
<data><annotations><entity><id>0@AP900815-0044</id><span>17,19</span><type>Two-Digit-Year</type></entity><entity><id>1@AP900815-0044</id><span>20,22</span><type>Day-Of-Month</type></entity><entity><id>2@AP900815-0044</id><span>53,55</span><type>Month-Of-Year</type></entity><entity><id>3@AP900815-0044</id><span>56,58</span><type>Day-Of-Month</type></entity><entity><id>4@AP900815-0044</id><span>59,61</span><type>Day-Of-Month</type></entity><entity><id>5@AP900815-0044</id><span>62,64</span><type>Two-Digit-Year</type></entity><entity><id>6@AP900815-0044</id><span>104,106</span><type>Hour-Of-Day</type></entity><entity><id>7@AP900815-0044</id><span>107,109</span><type>Minute-Of-Hour</type></entity><entity><id>8@AP900815-0044</id><span>110,112</span><type>Hour-Of-Day</type></entity><entity><id>9@AP900815-0044</id><span>112,114</span><type>Minute-Of-Hour</type></entity><entity><id>10@AP900815-0044</id><span>115,117</span><type>AMPM-Of-Day</type></entity><entity><id>11@AP900815-0044</id><span>518,523</span><type>Calendar-Interval</type></entity><entity><id>12@AP900815-0044</id><span>663,668</span><type>Calendar-Interval</type></entity><entity><id>13@AP900815-0044</id><span>777,784</span><type>Day-Of-Week</type></entity><entity><id>14@AP900815-0044</id><span>893,897</span><type>Last</type></entity><entity><id>15@AP900815-0044</id><span>973,978</span><type>Calendar-Interval</type></entity><entity><id>16@AP900815-0044</id><span>1170,1175</span><type>Calendar-Interval</type></entity><entity><id>17@AP900815-0044</id><span>1444,1448</span><type>Period</type></entity><entity><id>18@AP900815-0044</id><span>1606,1609</span><type>This</type></entity><entity><id>19@AP900815-0044</id><span>1887,1893</span><type>Day-Of-Week</type></entity><entity><id>20@AP900815-0044</id><span>2159,2168</span><type>After</type></entity><entity><id>21@AP900815-0044</id><span>2173,2179</span><type>Month-Of-Year</type></entity><entity><id>22@AP900815-0044</id><span>2180,2184</span><type>Year</type></entity><entity><id>23@AP900815-0044</id><span>2203,2208</span><type>Number</type></entity><entity><id>24@AP900815-0044</id><span>2209,2213</span><type>Period</type></entity><entity><id>25@AP900815-0044</id><span>2339,2342</span><type>Month-Of-Year</type></entity><entity><id>26@AP900815-0044</id><span>2344,2345</span><type>Day-Of-Month</type></entity><entity><id>27@AP900815-0044</id><span>2824,2829</span><type>Modifier</type></entity><entity><id>28@AP900815-0044</id><span>2830,2833</span><type>Number</type></entity><entity><id>29@AP900815-0044</id><span>2834,2838</span><type>Period</type></entity><entity><id>30@AP900815-0044</id><span>2975,2982</span><type>Day-Of-Week</type></entity><entity><id>31@AP900815-0044</id><span>3218,3223</span><type>Calendar-Interval</type></entity><entity><id>32@AP900815-0044</id><span>3469,3473</span><type>This</type></entity><entity><id>33@AP900815-0044</id><span>3670,3675</span><type>Between</type></entity><entity><id>34@AP900815-0044</id><span>3886,3891</span><type>Calendar-Interval</type></entity><entity><id>35@AP900815-0044</id><span>4146,4151</span><type>Number</type></entity><entity><id>36@AP900815-0044</id><span>4244,4249</span><type>Calendar-Interval</type></entity><entity><id>37@AP900815-0044</id><span>4505,4512</span><type>Day-Of-Week</type></entity><entity><id>38@AP900815-0044</id><span>4698,4701</span><type>This</type></entity><entity><id>39@AP900815-0044</id><span>4808,4816</span><type>Next</type></entity><entity><id>40@AP900815-0044</id><span>4867,4870</span><type>Month-Of-Year</type></entity><entity><id>41@AP900815-0044</id><span>4872,4873</span><type>Day-Of-Month</type></entity><entity><id>42@AP900815-0044</id><span>5227,5234</span><type>Day-Of-Week</type></entity><entity><id>43@AP900815-0044</id><span>5397,5402</span><type>Calendar-Interval</type></entity><entity><id>44@AP900815-0044</id><span>5740,5747</span><type>Day-Of-Week</type></entity><entity><id>45@AP900815-0044</id><span>5956,5962</span><type>Day-Of-Week</type></entity><entity><id>46@AP900815-0044</id><span>5994,6002</span><type>Day-Of-Week</type></entity><entity><id>47@AP900815-0044</id><span>6105,6110</span><type>Calendar-Interval</type></entity><entity><id>48@AP900815-0044</id><span>6296,6300</span><type>This</type></entity><entity><id>49@AP900815-0044</id><span>6309,6315</span><type>Period</type></entity><entity><id>50@AP900815-0044</id><span>6380,6386</span><type>Next</type></entity><entity><id>51@AP900815-0044</id><span>6741,6746</span><type>Between</type></entity><entity><id>52@AP900815-0044</id><span>6894,6901</span><type>Day-Of-Week</type></entity><entity><id>53@AP900815-0044</id><span>7557,7564</span><type>Day-Of-Week</type></entity><entity><id>54@AP900815-0044</id><span>7590,7593</span><type>This</type></entity><entity><id>55@AP900815-0044</id><span>7725,7730</span><type>Calendar-Interval</type></entity><entity><id>56@AP900815-0044</id><span>7738,7744</span><type>Every-Nth</type></entity><entity><id>57@AP900815-0044</id><span>7745,7748</span><type>Calendar-Interval</type></entity><entity><id>58@AP900815-0044</id><span>7842,7845</span><type>This</type></entity><entity><id>59@AP900815-0044</id><span>7980,7985</span><type>Period</type></entity></annotations></data>