<?xml version='1.0' encoding='UTF-8'?>
<data><annotations><entity><id>0@wsj_0122</id><span>12,14</span><type>Month-Of-Year</type></entity><entity><id>1@wsj_0122</id><span>15,17</span><type>Day-Of-Month</type></entity><entity><id>2@wsj_0122</id><span>18,20</span><type>Two-Digit-Year</type></entity><entity><id>3@wsj_0122</id><span>89,91</span><type>Month-Of-Year</type></entity><entity><id>4@wsj_0122</id><span>92,94</span><type>Day-Of-Month</type></entity><entity><id>5@wsj_0122</id><span>95,97</span><type>Two-Digit-Year</type></entity><entity><id>6@wsj_0122</id><span>478,486</span><type>Month-Of-Year</type></entity></annotations></data>