<?xml version='1.0' encoding='UTF-8'?>
<data><annotations><entity><id>0@APW19980213.1320</id><span>20,22</span><type>Month-Of-Year</type></entity><entity><id>1@APW19980213.1320</id><span>23,25</span><type>Day-Of-Month</type></entity><entity><id>2@APW19980213.1320</id><span>26,30</span><type>Year</type></entity><entity><id>3@APW19980213.1320</id><span>31,33</span><type>Hour-Of-Day</type></entity><entity><id>4@APW19980213.1320</id><span>34,36</span><type>Minute-Of-Hour</type></entity><entity><id>5@APW19980213.1320</id><span>37,39</span><type>Second-Of-Minute</type></entity><entity><id>6@APW19980213.1320</id><span>70,72</span><type>Month-Of-Year</type></entity><entity><id>7@APW19980213.1320</id><span>73,75</span><type>Day-Of-Month</type></entity><entity><id>8@APW19980213.1320</id><span>76,80</span><type>Year</type></entity><entity><id>9@APW19980213.1320</id><span>81,83</span><type>Hour-Of-Day</type></entity><entity><id>10@APW19980213.1320</id><span>84,86</span><type>Minute-Of-Hour</type></entity><entity><id>11@APW19980213.1320</id><span>87,89</span><type>Second-Of-Minute</type></entity><entity><id>12@APW19980213.1320</id><span>200,205</span><type>Calendar-Interval</type></entity><entity><id>13@APW19980213.1320</id><span>340,346</span><type>Month-Of-Year</type></entity><entity><id>14@APW19980213.1320</id><span>444,450</span><type>Modifier</type></entity><entity><id>15@APW19980213.1320</id><span>453,458</span><type>Period</type></entity><entity><id>16@APW19980213.1320</id><span>459,464</span><type>After</type></entity><entity><id>17@APW19980213.1320</id><span>663,668</span><type>Calendar-Interval</type></entity><entity><id>18@APW19980213.1320</id><span>669,676</span><type>Frequency</type></entity><entity><id>19@APW19980213.1320</id><span>716,723</span><type>This</type></entity><entity><id>20@APW19980213.1320</id><span>724,728</span><type>Number</type></entity><entity><id>21@APW19980213.1320</id><span>729,736</span><type>Frequency</type></entity><entity><id>22@APW19980213.1320</id><span>739,743</span><type>Calendar-Interval</type></entity><entity><id>23@APW19980213.1320</id><span>814,820</span><type>Day-Of-Week</type></entity><entity><id>24@APW19980213.1320</id><span>927,933</span><type>Day-Of-Week</type></entity><entity><id>25@APW19980213.1320</id><span>938,945</span><type>Day-Of-Week</type></entity><entity><id>26@APW19980213.1320</id><span>946,952</span><type>Part-Of-Day</type></entity><entity><id>27@APW19980213.1320</id><span>958,963</span><type>Month-Of-Year</type></entity><entity><id>28@APW19980213.1320</id><span>964,966</span><type>Day-Of-Month</type></entity><entity><id>29@APW19980213.1320</id><span>998,1006</span><type>Day-Of-Week</type></entity><entity><id>30@APW19980213.1320</id><span>1012,1018</span><type>Month-Of-Year</type></entity><entity><id>31@APW19980213.1320</id><span>1019,1020</span><type>Day-Of-Month</type></entity><entity><id>32@APW19980213.1320</id><span>1036,1042</span><type>Modifier</type></entity><entity><id>33@APW19980213.1320</id><span>1043,1046</span><type>Number</type></entity><entity><id>34@APW19980213.1320</id><span>1047,1052</span><type>Frequency</type></entity><entity><id>35@APW19980213.1320</id><span>1055,1059</span><type>Calendar-Interval</type></entity><entity><id>36@APW19980213.1320</id><span>1587,1589</span><type>Month-Of-Year</type></entity><entity><id>37@APW19980213.1320</id><span>1590,1592</span><type>Day-Of-Month</type></entity><entity><id>38@APW19980213.1320</id><span>1593,1595</span><type>Day-Of-Month</type></entity></annotations></data>