<?xml version='1.0' encoding='UTF-8'?>
<data><annotations><entity><id>0@nyt_20130321_sarkozy</id><span>24,28</span><type>Year</type></entity><entity><id>1@nyt_20130321_sarkozy</id><span>29,31</span><type>Month-Of-Year</type></entity><entity><id>2@nyt_20130321_sarkozy</id><span>32,34</span><type>Day-Of-Month</type></entity><entity><id>3@nyt_20130321_sarkozy</id><span>121,129</span><type>Day-Of-Week</type></entity><entity><id>4@nyt_20130321_sarkozy</id><span>231,233</span><type>Period</type></entity><entity><id>5@nyt_20130321_sarkozy</id><span>319,323</span><type>Year</type></entity><entity><id>6@nyt_20130321_sarkozy</id><span>477,480</span><type>This</type></entity><entity><id>7@nyt_20130321_sarkozy</id><span>481,485</span><type>Period</type></entity><entity><id>8@nyt_20130321_sarkozy</id><span>829,833</span><type>Last</type></entity><entity><id>9@nyt_20130321_sarkozy</id><span>834,837</span><type>Month-Of-Year</type></entity></annotations></data>