<?xml version='1.0' encoding='UTF-8'?>
<data><annotations><entity><id>0@SJMN91-06338157</id><span>19,26</span><type>Day-Of-Week</type></entity><entity><id>1@SJMN91-06338157</id><span>28,36</span><type>Month-Of-Year</type></entity><entity><id>2@SJMN91-06338157</id><span>37,38</span><type>Day-Of-Month</type></entity><entity><id>3@SJMN91-06338157</id><span>40,44</span><type>Year</type></entity><entity><id>4@SJMN91-06338157</id><span>90,97</span><type>Part-Of-Day</type></entity><entity><id>5@SJMN91-06338157</id><span>136,143</span><type>Day-Of-Week</type></entity><entity><id>6@SJMN91-06338157</id><span>144,152</span><type>Month-Of-Year</type></entity><entity><id>7@SJMN91-06338157</id><span>153,154</span><type>Day-Of-Month</type></entity><entity><id>8@SJMN91-06338157</id><span>156,160</span><type>Year</type></entity><entity><id>9@SJMN91-06338157</id><span>179,186</span><type>Day-Of-Week</type></entity><entity><id>10@SJMN91-06338157</id><span>188,196</span><type>Month-Of-Year</type></entity><entity><id>11@SJMN91-06338157</id><span>197,198</span><type>Day-Of-Month</type></entity><entity><id>12@SJMN91-06338157</id><span>200,204</span><type>Year</type></entity><entity><id>13@SJMN91-06338157</id><span>228,232</span><type>Year</type></entity><entity><id>14@SJMN91-06338157</id><span>698,704</span><type>Day-Of-Week</type></entity><entity><id>15@SJMN91-06338157</id><span>722,731</span><type>Day-Of-Week</type></entity><entity><id>16@SJMN91-06338157</id><span>1208,1212</span><type>After</type></entity><entity><id>17@SJMN91-06338157</id><span>1234,1240</span><type>Day-Of-Week</type></entity><entity><id>18@SJMN91-06338157</id><span>1619,1623</span><type>Last</type></entity><entity><id>19@SJMN91-06338157</id><span>1624,1628</span><type>Calendar-Interval</type></entity><entity><id>20@SJMN91-06338157</id><span>1629,1634</span><type>After</type></entity><entity><id>21@SJMN91-06338157</id><span>1984,1990</span><type>Day-Of-Week</type></entity><entity><id>22@SJMN91-06338157</id><span>2242,2248</span><type>Day-Of-Week</type></entity></annotations></data>