<?xml version='1.0' encoding='UTF-8'?>
<data><annotations><entity><id>0@CNN19980213.2130.0155</id><span>429,435</span><type>Next</type></entity><entity><id>1@CNN19980213.2130.0155</id><span>763,765</span><type>After</type></entity><entity><id>2@CNN19980213.2130.0155</id><span>766,775</span><type>Modifier</type></entity><entity><id>3@CNN19980213.2130.0155</id><span>776,779</span><type>Number</type></entity><entity><id>4@CNN19980213.2130.0155</id><span>780,784</span><type>Period</type></entity><entity><id>5@CNN19980213.2130.0155</id><span>918,924</span><type>Before</type></entity><entity><id>6@CNN19980213.2130.0155</id><span>967,975</span><type>This</type></entity><entity><id>7@CNN19980213.2130.0155</id><span>1020,1028</span><type>Day-Of-Week</type></entity><entity><id>8@CNN19980213.2130.0155</id><span>1194,1199</span><type>Calendar-Interval</type></entity><entity><id>9@CNN19980213.2130.0155</id><span>1333,1339</span><type>Next</type></entity><entity><id>10@CNN19980213.2130.0155</id><span>1452,1457</span><type>Next</type></entity><entity><id>11@CNN19980213.2130.0155</id><span>1465,1468</span><type>Calendar-Interval</type></entity><entity><id>12@CNN19980213.2130.0155</id><span>1700,1706</span><type>Day-Of-Week</type></entity><entity><id>13@CNN19980213.2130.0155</id><span>1719,1722</span><type>This</type></entity><entity><id>14@CNN19980213.2130.0155</id><span>1759,1764</span><type>Between</type></entity><entity><id>15@CNN19980213.2130.0155</id><span>1817,1821</span><type>Last</type></entity><entity><id>16@CNN19980213.2130.0155</id><span>2041,2045</span><type>Next</type></entity><entity><id>17@CNN19980213.2130.0155</id><span>2046,2050</span><type>Calendar-Interval</type></entity></annotations></data>