<?xml version='1.0' encoding='UTF-8'?>
<data><annotations><entity><id>0@wsj_0026</id><span>12,14</span><type>Month-Of-Year</type></entity><entity><id>1@wsj_0026</id><span>15,17</span><type>Day-Of-Month</type></entity><entity><id>2@wsj_0026</id><span>18,20</span><type>Two-Digit-Year</type></entity><entity><id>3@wsj_0026</id><span>113,115</span><type>Month-Of-Year</type></entity><entity><id>4@wsj_0026</id><span>116,118</span><type>Day-Of-Month</type></entity><entity><id>5@wsj_0026</id><span>119,121</span><type>Two-Digit-Year</type></entity><entity><id>6@wsj_0026</id><span>597,607</span><type>Last</type></entity><entity><id>7@wsj_0026</id><span>1385,1388</span><type>This</type></entity><entity><id>8@wsj_0026</id><span>1461,1465</span><type>Year</type></entity><entity><id>9@wsj_0026</id><span>1534,1538</span><type>This</type></entity><entity><id>10@wsj_0026</id><span>1539,1543</span><type>Calendar-Interval</type></entity></annotations></data>