<?xml version='1.0' encoding='UTF-8'?>
<data><annotations><entity><id>0@ABC19980120.1830.0957</id><span>5,9</span><type>Year</type></entity><entity><id>1@ABC19980120.1830.0957</id><span>25,29</span><type>Year</type></entity><entity><id>2@ABC19980120.1830.0957</id><span>39,43</span><type>Year</type></entity><entity><id>3@ABC19980120.1830.0957</id><span>726,732</span><type>Modifier</type></entity><entity><id>4@ABC19980120.1830.0957</id><span>733,738</span><type>Number</type></entity><entity><id>5@ABC19980120.1830.0957</id><span>739,744</span><type>Period</type></entity><entity><id>6@ABC19980120.1830.0957</id><span>1166,1172</span><type>Before</type></entity><entity><id>7@ABC19980120.1830.0957</id><span>2008,2012</span><type>This</type></entity><entity><id>8@ABC19980120.1830.0957</id><span>2013,2020</span><type>Part-Of-Day</type></entity><entity><id>9@ABC19980120.1830.0957</id><span>2077,2082</span><type>Between</type></entity><entity><id>10@ABC19980120.1830.0957</id><span>2087,2091</span><type>Last</type></entity><entity><id>11@ABC19980120.1830.0957</id><span>2092,2096</span><type>Period</type></entity><entity><id>12@ABC19980120.1830.0957</id><span>2112,2118</span><type>Period</type></entity></annotations></data>