<?xml version='1.0' encoding='UTF-8'?>
<data><annotations><entity><id>0@wsj_0160</id><span>12,14</span><type>Month-Of-Year</type></entity><entity><id>1@wsj_0160</id><span>15,17</span><type>Day-Of-Month</type></entity><entity><id>2@wsj_0160</id><span>18,20</span><type>Two-Digit-Year</type></entity><entity><id>3@wsj_0160</id><span>141,148</span><type>Calendar-Interval</type></entity><entity><id>4@wsj_0160</id><span>149,151</span><type>Month-Of-Year</type></entity><entity><id>5@wsj_0160</id><span>152,154</span><type>Day-Of-Month</type></entity><entity><id>6@wsj_0160</id><span>155,157</span><type>Year</type></entity><entity><id>7@wsj_0160</id><span>233,240</span><type>Period</type></entity><entity><id>8@wsj_0160</id><span>303,307</span><type>Period</type></entity><entity><id>9@wsj_0160</id><span>458,461</span><type>This</type></entity><entity><id>10@wsj_0160</id><span>462,469</span><type>Calendar-Interval</type></entity><entity><id>11@wsj_0160</id><span>789,790</span><type>Modifier</type></entity><entity><id>12@wsj_0160</id><span>790,794</span><type>Number</type></entity><entity><id>13@wsj_0160</id><span>795,802</span><type>Frequency</type></entity><entity><id>14@wsj_0160</id><span>805,809</span><type>Calendar-Interval</type></entity><entity><id>15@wsj_0160</id><span>810,817</span><type>Before</type></entity></annotations></data>