<?xml version='1.0' encoding='UTF-8'?>
<data><annotations><entity><id>0@APW19980813.1117</id><span>20,24</span><type>Year</type></entity><entity><id>1@APW19980813.1117</id><span>25,27</span><type>Month-Of-Year</type></entity><entity><id>2@APW19980813.1117</id><span>28,30</span><type>Day-Of-Month</type></entity><entity><id>3@APW19980813.1117</id><span>116,118</span><type>Month-Of-Year</type></entity><entity><id>4@APW19980813.1117</id><span>119,121</span><type>Day-Of-Month</type></entity><entity><id>5@APW19980813.1117</id><span>122,126</span><type>Year</type></entity><entity><id>6@APW19980813.1117</id><span>127,129</span><type>Hour-Of-Day</type></entity><entity><id>7@APW19980813.1117</id><span>130,132</span><type>Minute-Of-Hour</type></entity><entity><id>8@APW19980813.1117</id><span>133,135</span><type>Second-Of-Minute</type></entity><entity><id>9@APW19980813.1117</id><span>565,573</span><type>Day-Of-Week</type></entity><entity><id>10@APW19980813.1117</id><span>880,884</span><type>This</type></entity><entity><id>11@APW19980813.1117</id><span>895,899</span><type>Period</type></entity><entity><id>12@APW19980813.1117</id><span>1145,1148</span><type>Month-Of-Year</type></entity><entity><id>13@APW19980813.1117</id><span>1150,1151</span><type>Day-Of-Month</type></entity><entity><id>14@APW19980813.1117</id><span>1289,1292</span><type>Month-Of-Year</type></entity><entity><id>15@APW19980813.1117</id><span>1294,1295</span><type>Day-Of-Month</type></entity><entity><id>16@APW19980813.1117</id><span>1768,1770</span><type>Month-Of-Year</type></entity><entity><id>17@APW19980813.1117</id><span>1771,1773</span><type>Day-Of-Month</type></entity><entity><id>18@APW19980813.1117</id><span>1774,1776</span><type>Day-Of-Month</type></entity></annotations></data>