<?xml version='1.0' encoding='UTF-8'?>
<data><annotations><entity><id>0@NYT19980424.0421</id><span>20,22</span><type>Month-Of-Year</type></entity><entity><id>1@NYT19980424.0421</id><span>23,25</span><type>Day-Of-Month</type></entity><entity><id>2@NYT19980424.0421</id><span>26,30</span><type>Year</type></entity><entity><id>3@NYT19980424.0421</id><span>31,33</span><type>Hour-Of-Day</type></entity><entity><id>4@NYT19980424.0421</id><span>34,36</span><type>Minute-Of-Hour</type></entity><entity><id>5@NYT19980424.0421</id><span>37,39</span><type>Second-Of-Minute</type></entity><entity><id>6@NYT19980424.0421</id><span>70,72</span><type>Month-Of-Year</type></entity><entity><id>7@NYT19980424.0421</id><span>73,75</span><type>Day-Of-Month</type></entity><entity><id>8@NYT19980424.0421</id><span>76,80</span><type>Year</type></entity><entity><id>9@NYT19980424.0421</id><span>81,83</span><type>Hour-Of-Day</type></entity><entity><id>10@NYT19980424.0421</id><span>84,86</span><type>Minute-Of-Hour</type></entity><entity><id>11@NYT19980424.0421</id><span>87,89</span><type>Second-Of-Minute</type></entity><entity><id>12@NYT19980424.0421</id><span>146,148</span><type>Month-Of-Year</type></entity><entity><id>13@NYT19980424.0421</id><span>149,151</span><type>Day-Of-Month</type></entity><entity><id>14@NYT19980424.0421</id><span>152,154</span><type>Period</type></entity><entity><id>15@NYT19980424.0421</id><span>154,156</span><type>Second-Of-Minute</type></entity><entity><id>16@NYT19980424.0421</id><span>252,256</span><type>Year</type></entity><entity><id>17@NYT19980424.0421</id><span>336,344</span><type>Day-Of-Week</type></entity><entity><id>18@NYT19980424.0421</id><span>346,351</span><type>Month-Of-Year</type></entity><entity><id>19@NYT19980424.0421</id><span>352,354</span><type>Day-Of-Month</type></entity><entity><id>20@NYT19980424.0421</id><span>388,392</span><type>This</type></entity><entity><id>21@NYT19980424.0421</id><span>393,397</span><type>Calendar-Interval</type></entity><entity><id>22@NYT19980424.0421</id><span>455,458</span><type>Number</type></entity><entity><id>23@NYT19980424.0421</id><span>459,464</span><type>Period</type></entity><entity><id>24@NYT19980424.0421</id><span>465,468</span><type>Before</type></entity><entity><id>25@NYT19980424.0421</id><span>1095,1100</span><type>Between</type></entity><entity><id>26@NYT19980424.0421</id><span>1117,1119</span><type>Period</type></entity><entity><id>27@NYT19980424.0421</id><span>1717,1722</span><type>Calendar-Interval</type></entity><entity><id>28@NYT19980424.0421</id><span>2485,2492</span><type>This</type></entity><entity><id>29@NYT19980424.0421</id><span>2712,2714</span><type>Month-Of-Year</type></entity><entity><id>30@NYT19980424.0421</id><span>2715,2717</span><type>Day-Of-Month</type></entity></annotations></data>