<?xml version='1.0' encoding='UTF-8'?>
<data><annotations><entity><id>0@WSJ_20130318_731</id><span>20,25</span><type>Month-Of-Year</type></entity><entity><id>1@WSJ_20130318_731</id><span>26,28</span><type>Day-Of-Month</type></entity><entity><id>2@WSJ_20130318_731</id><span>30,34</span><type>Year</type></entity><entity><id>3@WSJ_20130318_731</id><span>114,118</span><type>Year</type></entity><entity><id>4@WSJ_20130318_731</id><span>284,287</span><type>This</type></entity><entity><id>5@WSJ_20130318_731</id><span>633,637</span><type>Last</type></entity><entity><id>6@WSJ_20130318_731</id><span>638,642</span><type>Calendar-Interval</type></entity><entity><id>7@WSJ_20130318_731</id><span>671,676</span><type>Number</type></entity><entity><id>8@WSJ_20130318_731</id><span>677,682</span><type>Period</type></entity><entity><id>9@WSJ_20130318_731</id><span>809,816</span><type>Between</type></entity><entity><id>10@WSJ_20130318_731</id><span>817,821</span><type>Month-Of-Year</type></entity><entity><id>11@WSJ_20130318_731</id><span>1485,1494</span><type>This</type></entity></annotations></data>