<?xml version='1.0' encoding='UTF-8'?>
<data><annotations><entity><id>0@APW19980301.0720</id><span>20,22</span><type>Month-Of-Year</type></entity><entity><id>1@APW19980301.0720</id><span>23,25</span><type>Day-Of-Month</type></entity><entity><id>2@APW19980301.0720</id><span>26,30</span><type>Year</type></entity><entity><id>3@APW19980301.0720</id><span>31,33</span><type>Hour-Of-Day</type></entity><entity><id>4@APW19980301.0720</id><span>34,36</span><type>Minute-Of-Hour</type></entity><entity><id>5@APW19980301.0720</id><span>37,39</span><type>Second-Of-Minute</type></entity><entity><id>6@APW19980301.0720</id><span>70,72</span><type>Month-Of-Year</type></entity><entity><id>7@APW19980301.0720</id><span>73,75</span><type>Day-Of-Month</type></entity><entity><id>8@APW19980301.0720</id><span>76,80</span><type>Year</type></entity><entity><id>9@APW19980301.0720</id><span>81,83</span><type>Hour-Of-Day</type></entity><entity><id>10@APW19980301.0720</id><span>84,86</span><type>Minute-Of-Hour</type></entity><entity><id>11@APW19980301.0720</id><span>87,89</span><type>Second-Of-Minute</type></entity><entity><id>12@APW19980301.0720</id><span>137,139</span><type>Month-Of-Year</type></entity><entity><id>13@APW19980301.0720</id><span>140,142</span><type>Day-Of-Month</type></entity><entity><id>14@APW19980301.0720</id><span>143,145</span><type>Period</type></entity><entity><id>15@APW19980301.0720</id><span>145,147</span><type>Second-Of-Minute</type></entity><entity><id>16@APW19980301.0720</id><span>300,306</span><type>Day-Of-Week</type></entity><entity><id>17@APW19980301.0720</id><span>375,381</span><type>Day-Of-Week</type></entity><entity><id>18@APW19980301.0720</id><span>565,571</span><type>Day-Of-Week</type></entity><entity><id>19@APW19980301.0720</id><span>933,937</span><type>Year</type></entity><entity><id>20@APW19980301.0720</id><span>1177,1183</span><type>Day-Of-Week</type></entity><entity><id>21@APW19980301.0720</id><span>1358,1364</span><type>Day-Of-Week</type></entity><entity><id>22@APW19980301.0720</id><span>1801,1806</span><type>Calendar-Interval</type></entity><entity><id>23@APW19980301.0720</id><span>2121,2126</span><type>Between</type></entity><entity><id>24@APW19980301.0720</id><span>2127,2131</span><type>Year</type></entity><entity><id>25@APW19980301.0720</id><span>2288,2292</span><type>Last</type></entity><entity><id>26@APW19980301.0720</id><span>2293,2297</span><type>Calendar-Interval</type></entity><entity><id>27@APW19980301.0720</id><span>2443,2447</span><type>Last</type></entity><entity><id>28@APW19980301.0720</id><span>2448,2452</span><type>Calendar-Interval</type></entity><entity><id>29@APW19980301.0720</id><span>2549,2553</span><type>Last</type></entity><entity><id>30@APW19980301.0720</id><span>2554,2562</span><type>Month-Of-Year</type></entity><entity><id>31@APW19980301.0720</id><span>2590,2596</span><type>Day-Of-Week</type></entity><entity><id>32@APW19980301.0720</id><span>2623,2627</span><type>Last</type></entity><entity><id>33@APW19980301.0720</id><span>2628,2632</span><type>Calendar-Interval</type></entity><entity><id>34@APW19980301.0720</id><span>2866,2870</span><type>Last</type></entity><entity><id>35@APW19980301.0720</id><span>2871,2875</span><type>Calendar-Interval</type></entity><entity><id>36@APW19980301.0720</id><span>3084,3090</span><type>Day-Of-Week</type></entity><entity><id>37@APW19980301.0720</id><span>3198,3204</span><type>Modifier</type></entity><entity><id>38@APW19980301.0720</id><span>3205,3208</span><type>Number</type></entity><entity><id>39@APW19980301.0720</id><span>3209,3214</span><type>Period</type></entity><entity><id>40@APW19980301.0720</id><span>3333,3336</span><type>Number</type></entity><entity><id>41@APW19980301.0720</id><span>3337,3342</span><type>Period</type></entity><entity><id>42@APW19980301.0720</id><span>3343,3346</span><type>Before</type></entity><entity><id>43@APW19980301.0720</id><span>3358,3361</span><type>This</type></entity><entity><id>44@APW19980301.0720</id><span>3362,3366</span><type>Period</type></entity><entity><id>45@APW19980301.0720</id><span>3604,3606</span><type>Month-Of-Year</type></entity><entity><id>46@APW19980301.0720</id><span>3607,3609</span><type>Day-Of-Month</type></entity><entity><id>47@APW19980301.0720</id><span>3610,3612</span><type>Day-Of-Month</type></entity><entity><id>48@APW19980301.0720</id><span>3613,3615</span><type>Two-Digit-Year</type></entity></annotations></data>