<?xml version='1.0' encoding='UTF-8'?>
<data><annotations><entity><id>0@WSJ900813-0157</id><span>18,20</span><type>Month-Of-Year</type></entity><entity><id>1@WSJ900813-0157</id><span>21,23</span><type>Day-Of-Month</type></entity><entity><id>2@WSJ900813-0157</id><span>24,26</span><type>Two-Digit-Year</type></entity><entity><id>3@WSJ900813-0157</id><span>274,276</span><type>Month-Of-Year</type></entity><entity><id>4@WSJ900813-0157</id><span>277,279</span><type>Day-Of-Month</type></entity><entity><id>5@WSJ900813-0157</id><span>280,282</span><type>Two-Digit-Year</type></entity><entity><id>6@WSJ900813-0157</id><span>841,850</span><type>Calendar-Interval</type></entity><entity><id>7@WSJ900813-0157</id><span>1164,1166</span><type>Number</type></entity><entity><id>8@WSJ900813-0157</id><span>1167,1171</span><type>Period</type></entity><entity><id>9@WSJ900813-0157</id><span>1385,1394</span><type>Calendar-Interval</type></entity><entity><id>10@WSJ900813-0157</id><span>1689,1693</span><type>This</type></entity><entity><id>11@WSJ900813-0157</id><span>1694,1698</span><type>Calendar-Interval</type></entity><entity><id>12@WSJ900813-0157</id><span>2553,2562</span><type>Calendar-Interval</type></entity><entity><id>13@WSJ900813-0157</id><span>3903,3913</span><type>Next</type></entity><entity><id>14@WSJ900813-0157</id><span>4009,4015</span><type>Day-Of-Week</type></entity><entity><id>15@WSJ900813-0157</id><span>4235,4244</span><type>Calendar-Interval</type></entity><entity><id>16@WSJ900813-0157</id><span>4608,4617</span><type>Calendar-Interval</type></entity><entity><id>17@WSJ900813-0157</id><span>4997,5001</span><type>This</type></entity><entity><id>18@WSJ900813-0157</id><span>5002,5007</span><type>Period</type></entity><entity><id>19@WSJ900813-0157</id><span>5867,5874</span><type>Season-Of-Year</type></entity><entity><id>20@WSJ900813-0157</id><span>6836,6839</span><type>This</type></entity><entity><id>21@WSJ900813-0157</id><span>7706,7710</span><type>This</type></entity><entity><id>22@WSJ900813-0157</id><span>7711,7715</span><type>Period</type></entity><entity><id>23@WSJ900813-0157</id><span>8570,8574</span><type>Period</type></entity><entity><id>24@WSJ900813-0157</id><span>8575,8580</span><type>After</type></entity><entity><id>25@WSJ900813-0157</id><span>9144,9147</span><type>Modifier</type></entity><entity><id>26@WSJ900813-0157</id><span>9155,9160</span><type>Calendar-Interval</type></entity><entity><id>27@WSJ900813-0157</id><span>9246,9251</span><type>After</type></entity><entity><id>28@WSJ900813-0157</id><span>9447,9451</span><type>Last</type></entity><entity><id>29@WSJ900813-0157</id><span>9668,9675</span><type>Season-Of-Year</type></entity><entity><id>30@WSJ900813-0157</id><span>9856,9859</span><type>Number</type></entity><entity><id>31@WSJ900813-0157</id><span>9860,9864</span><type>Period</type></entity><entity><id>32@WSJ900813-0157</id><span>10127,10137</span><type>Next</type></entity><entity><id>33@WSJ900813-0157</id><span>10205,10210</span><type>Between</type></entity><entity><id>34@WSJ900813-0157</id><span>10211,10216</span><type>Month-Of-Year</type></entity><entity><id>35@WSJ900813-0157</id><span>10253,10259</span><type>Before</type></entity></annotations></data>