<?xml version='1.0' encoding='UTF-8'?>
<data><annotations><entity><id>0@wsj_0158</id><span>12,14</span><type>Month-Of-Year</type></entity><entity><id>1@wsj_0158</id><span>15,17</span><type>Day-Of-Month</type></entity><entity><id>2@wsj_0158</id><span>18,20</span><type>Two-Digit-Year</type></entity><entity><id>3@wsj_0158</id><span>73,77</span><type>After</type></entity><entity><id>4@wsj_0158</id><span>121,123</span><type>Month-Of-Year</type></entity><entity><id>5@wsj_0158</id><span>124,126</span><type>Day-Of-Month</type></entity><entity><id>6@wsj_0158</id><span>127,129</span><type>Two-Digit-Year</type></entity><entity><id>7@wsj_0158</id><span>353,355</span><type>Number</type></entity><entity><id>8@wsj_0158</id><span>356,361</span><type>Period</type></entity><entity><id>9@wsj_0158</id><span>372,374</span><type>Number</type></entity><entity><id>10@wsj_0158</id><span>375,379</span><type>Period</type></entity><entity><id>11@wsj_0158</id><span>466,469</span><type>Number</type></entity><entity><id>12@wsj_0158</id><span>470,476</span><type>Period</type></entity><entity><id>13@wsj_0158</id><span>576,584</span><type>After</type></entity><entity><id>14@wsj_0158</id><span>587,594</span><type>Number</type></entity><entity><id>15@wsj_0158</id><span>595,599</span><type>Period</type></entity><entity><id>16@wsj_0158</id><span>1063,1067</span><type>After</type></entity><entity><id>17@wsj_0158</id><span>1326,1334</span><type>Calendar-Interval</type></entity><entity><id>18@wsj_0158</id><span>1375,1378</span><type>This</type></entity><entity><id>19@wsj_0158</id><span>2064,2066</span><type>Period</type></entity><entity><id>20@wsj_0158</id><span>2130,2132</span><type>Period</type></entity><entity><id>21@wsj_0158</id><span>2217,2219</span><type>Period</type></entity></annotations></data>