<?xml version='1.0' encoding='UTF-8'?>
<data><annotations><entity><id>0@nyt_20130321_china_pollution</id><span>32,36</span><type>Year</type></entity><entity><id>1@nyt_20130321_china_pollution</id><span>37,39</span><type>Month-Of-Year</type></entity><entity><id>2@nyt_20130321_china_pollution</id><span>40,42</span><type>Day-Of-Month</type></entity><entity><id>3@nyt_20130321_china_pollution</id><span>162,166</span><type>This</type></entity><entity><id>4@nyt_20130321_china_pollution</id><span>167,172</span><type>Calendar-Interval</type></entity><entity><id>5@nyt_20130321_china_pollution</id><span>688,692</span><type>Frequency</type></entity><entity><id>6@nyt_20130321_china_pollution</id><span>699,706</span><type>Part-Of-Day</type></entity><entity><id>7@nyt_20130321_china_pollution</id><span>707,712</span><type>After</type></entity><entity><id>8@nyt_20130321_china_pollution</id><span>967,971</span><type>Last</type></entity><entity><id>9@nyt_20130321_china_pollution</id><span>972,977</span><type>Calendar-Interval</type></entity><entity><id>10@nyt_20130321_china_pollution</id><span>979,984</span><type>After</type></entity><entity><id>11@nyt_20130321_china_pollution</id><span>1173,1178</span><type>Period</type></entity><entity><id>12@nyt_20130321_china_pollution</id><span>1335,1339</span><type>Number</type></entity><entity><id>13@nyt_20130321_china_pollution</id><span>1340,1345</span><type>Period</type></entity><entity><id>14@nyt_20130321_china_pollution</id><span>1346,1349</span><type>Before</type></entity><entity><id>15@nyt_20130321_china_pollution</id><span>1648,1652</span><type>Year</type></entity><entity><id>16@nyt_20130321_china_pollution</id><span>1891,1894</span><type>Month-Of-Year</type></entity><entity><id>17@nyt_20130321_china_pollution</id><span>1896,1898</span><type>Day-Of-Month</type></entity><entity><id>18@nyt_20130321_china_pollution</id><span>1961,1968</span><type>This</type></entity><entity><id>19@nyt_20130321_china_pollution</id><span>2071,2075</span><type>Next</type></entity><entity><id>20@nyt_20130321_china_pollution</id><span>2076,2082</span><type>Period</type></entity><entity><id>21@nyt_20130321_china_pollution</id><span>2401,2405</span><type>Year</type></entity><entity><id>22@nyt_20130321_china_pollution</id><span>2426,2429</span><type>This</type></entity></annotations></data>