<?xml version='1.0' encoding='UTF-8'?>
<data><annotations><entity><id>0@wsj_1073</id><span>12,14</span><type>Month-Of-Year</type></entity><entity><id>1@wsj_1073</id><span>15,17</span><type>Day-Of-Month</type></entity><entity><id>2@wsj_1073</id><span>18,20</span><type>Two-Digit-Year</type></entity><entity><id>3@wsj_1073</id><span>92,94</span><type>Month-Of-Year</type></entity><entity><id>4@wsj_1073</id><span>95,97</span><type>Day-Of-Month</type></entity><entity><id>5@wsj_1073</id><span>98,100</span><type>Two-Digit-Year</type></entity><entity><id>6@wsj_1073</id><span>515,519</span><type>Last</type></entity><entity><id>7@wsj_1073</id><span>520,524</span><type>Calendar-Interval</type></entity></annotations></data>