<?xml version='1.0' encoding='UTF-8'?>
<data><annotations><entity><id>0@APW19990122.0193</id><span>5,9</span><type>Year</type></entity><entity><id>1@APW19990122.0193</id><span>20,24</span><type>Year</type></entity><entity><id>2@APW19990122.0193</id><span>25,27</span><type>Month-Of-Year</type></entity><entity><id>3@APW19990122.0193</id><span>28,30</span><type>Day-Of-Month</type></entity><entity><id>4@APW19990122.0193</id><span>31,33</span><type>Hour-Of-Day</type></entity><entity><id>5@APW19990122.0193</id><span>34,36</span><type>Minute-Of-Hour</type></entity><entity><id>6@APW19990122.0193</id><span>37,39</span><type>Second-Of-Minute</type></entity><entity><id>7@APW19990122.0193</id><span>83,87</span><type>Year</type></entity><entity><id>8@APW19990122.0193</id><span>98,102</span><type>Year</type></entity><entity><id>9@APW19990122.0193</id><span>103,105</span><type>Month-Of-Year</type></entity><entity><id>10@APW19990122.0193</id><span>106,108</span><type>Day-Of-Month</type></entity><entity><id>11@APW19990122.0193</id><span>109,111</span><type>Hour-Of-Day</type></entity><entity><id>12@APW19990122.0193</id><span>112,114</span><type>Minute-Of-Hour</type></entity><entity><id>13@APW19990122.0193</id><span>115,117</span><type>Second-Of-Minute</type></entity><entity><id>14@APW19990122.0193</id><span>388,394</span><type>Day-Of-Week</type></entity><entity><id>15@APW19990122.0193</id><span>585,587</span><type>Number</type></entity><entity><id>16@APW19990122.0193</id><span>588,592</span><type>Period</type></entity><entity><id>17@APW19990122.0193</id><span>628,632</span><type>Last</type></entity><entity><id>18@APW19990122.0193</id><span>633,637</span><type>Period</type></entity><entity><id>19@APW19990122.0193</id><span>757,762</span><type>Between</type></entity><entity><id>20@APW19990122.0193</id><span>824,827</span><type>Month-Of-Year</type></entity><entity><id>21@APW19990122.0193</id><span>829,831</span><type>Day-Of-Month</type></entity><entity><id>22@APW19990122.0193</id><span>874,876</span><type>Number</type></entity><entity><id>23@APW19990122.0193</id><span>877,881</span><type>Period</type></entity><entity><id>24@APW19990122.0193</id><span>961,969</span><type>Last</type></entity><entity><id>25@APW19990122.0193</id><span>1144,1150</span><type>Calendar-Interval</type></entity><entity><id>26@APW19990122.0193</id><span>1270,1274</span><type>Last</type></entity><entity><id>27@APW19990122.0193</id><span>1275,1280</span><type>Number</type></entity><entity><id>28@APW19990122.0193</id><span>1281,1286</span><type>Period</type></entity><entity><id>29@APW19990122.0193</id><span>2048,2054</span><type>Day-Of-Week</type></entity><entity><id>30@APW19990122.0193</id><span>2229,2233</span><type>Last</type></entity><entity><id>31@APW19990122.0193</id><span>2234,2238</span><type>Calendar-Interval</type></entity><entity><id>32@APW19990122.0193</id><span>2439,2444</span><type>After</type></entity><entity><id>33@APW19990122.0193</id><span>2759,2764</span><type>After</type></entity><entity><id>34@APW19990122.0193</id><span>2816,2821</span><type>Period</type></entity><entity><id>35@APW19990122.0193</id><span>2822,2828</span><type>Before</type></entity><entity><id>36@APW19990122.0193</id><span>2857,2861</span><type>Year</type></entity><entity><id>37@APW19990122.0193</id><span>2896,2900</span><type>Last</type></entity><entity><id>38@APW19990122.0193</id><span>2901,2906</span><type>Calendar-Interval</type></entity><entity><id>39@APW19990122.0193</id><span>2985,2989</span><type>Period</type></entity><entity><id>40@APW19990122.0193</id><span>3003,3008</span><type>Modifier</type></entity><entity><id>41@APW19990122.0193</id><span>3009,3012</span><type>Number</type></entity><entity><id>42@APW19990122.0193</id><span>3013,3018</span><type>Period</type></entity></annotations></data>