<?xml version='1.0' encoding='UTF-8'?>
<data><annotations><entity><id>0@PRI19980306.2000.1675</id><span>14,18</span><type>Year</type></entity><entity><id>1@PRI19980306.2000.1675</id><span>48,52</span><type>Year</type></entity><entity><id>2@PRI19980306.2000.1675</id><span>204,210</span><type>Every-Nth</type></entity><entity><id>3@PRI19980306.2000.1675</id><span>211,214</span><type>Calendar-Interval</type></entity><entity><id>4@PRI19980306.2000.1675</id><span>559,562</span><type>Modifier</type></entity><entity><id>5@PRI19980306.2000.1675</id><span>563,572</span><type>Part-Of-Day</type></entity><entity><id>6@PRI19980306.2000.1675</id><span>842,848</span><type>Next</type></entity></annotations></data>