<?xml version='1.0' encoding='UTF-8'?>
<data><annotations><entity><id>0@APW19980213.1380</id><span>20,22</span><type>Month-Of-Year</type></entity><entity><id>1@APW19980213.1380</id><span>23,25</span><type>Day-Of-Month</type></entity><entity><id>2@APW19980213.1380</id><span>26,30</span><type>Year</type></entity><entity><id>3@APW19980213.1380</id><span>31,33</span><type>Hour-Of-Day</type></entity><entity><id>4@APW19980213.1380</id><span>34,36</span><type>Minute-Of-Hour</type></entity><entity><id>5@APW19980213.1380</id><span>37,39</span><type>Second-Of-Minute</type></entity><entity><id>6@APW19980213.1380</id><span>70,72</span><type>Month-Of-Year</type></entity><entity><id>7@APW19980213.1380</id><span>73,75</span><type>Day-Of-Month</type></entity><entity><id>8@APW19980213.1380</id><span>76,80</span><type>Year</type></entity><entity><id>9@APW19980213.1380</id><span>81,83</span><type>Hour-Of-Day</type></entity><entity><id>10@APW19980213.1380</id><span>84,86</span><type>Minute-Of-Hour</type></entity><entity><id>11@APW19980213.1380</id><span>87,89</span><type>Second-Of-Minute</type></entity><entity><id>12@APW19980213.1380</id><span>240,249</span><type>Day-Of-Week</type></entity><entity><id>13@APW19980213.1380</id><span>464,470</span><type>Day-Of-Week</type></entity><entity><id>14@APW19980213.1380</id><span>521,527</span><type>Day-Of-Week</type></entity><entity><id>15@APW19980213.1380</id><span>736,738</span><type>Hour-Of-Day</type></entity><entity><id>16@APW19980213.1380</id><span>739,740</span><type>AMPM-Of-Day</type></entity><entity><id>17@APW19980213.1380</id><span>741,742</span><type>Second-Of-Minute</type></entity><entity><id>18@APW19980213.1380</id><span>744,753</span><type>Day-Of-Week</type></entity><entity><id>19@APW19980213.1380</id><span>850,854</span><type>Part-Of-Day</type></entity><entity><id>20@APW19980213.1380</id><span>855,863</span><type>Day-Of-Week</type></entity><entity><id>21@APW19980213.1380</id><span>1499,1505</span><type>Last</type></entity><entity><id>22@APW19980213.1380</id><span>1506,1511</span><type>Period</type></entity><entity><id>23@APW19980213.1380</id><span>1671,1673</span><type>Month-Of-Year</type></entity><entity><id>24@APW19980213.1380</id><span>1674,1676</span><type>Month-Of-Year</type></entity><entity><id>25@APW19980213.1380</id><span>1677,1679</span><type>Day-Of-Month</type></entity><entity><id>26@APW19980213.1380</id><span>1680,1682</span><type>Two-Digit-Year</type></entity></annotations></data>