<?xml version='1.0' encoding='UTF-8'?>
<data><annotations><entity><id>0@CNN_20130322_314</id><span>20,25</span><type>Month-Of-Year</type></entity><entity><id>1@CNN_20130322_314</id><span>26,28</span><type>Day-Of-Month</type></entity><entity><id>2@CNN_20130322_314</id><span>30,34</span><type>Year</type></entity><entity><id>3@CNN_20130322_314</id><span>63,69</span><type>Before</type></entity><entity><id>4@CNN_20130322_314</id><span>169,175</span><type>Day-Of-Week</type></entity><entity><id>5@CNN_20130322_314</id><span>176,181</span><type>After</type></entity><entity><id>6@CNN_20130322_314</id><span>213,219</span><type>Before</type></entity><entity><id>7@CNN_20130322_314</id><span>301,305</span><type>Year</type></entity><entity><id>8@CNN_20130322_314</id><span>692,699</span><type>Calendar-Interval</type></entity><entity><id>9@CNN_20130322_314</id><span>700,706</span><type>Before</type></entity><entity><id>10@CNN_20130322_314</id><span>955,960</span><type>Next</type></entity><entity><id>11@CNN_20130322_314</id><span>1231,1236</span><type>After</type></entity><entity><id>12@CNN_20130322_314</id><span>1423,1428</span><type>Next</type></entity></annotations></data>