<?xml version='1.0' encoding='UTF-8'?>
<data><annotations><entity><id>0@wsj_0124</id><span>12,14</span><type>Month-Of-Year</type></entity><entity><id>1@wsj_0124</id><span>15,17</span><type>Day-Of-Month</type></entity><entity><id>2@wsj_0124</id><span>18,20</span><type>Two-Digit-Year</type></entity><entity><id>3@wsj_0124</id><span>128,130</span><type>Month-Of-Year</type></entity><entity><id>4@wsj_0124</id><span>131,133</span><type>Day-Of-Month</type></entity><entity><id>5@wsj_0124</id><span>134,136</span><type>Two-Digit-Year</type></entity><entity><id>6@wsj_0124</id><span>450,453</span><type>Month-Of-Year</type></entity><entity><id>7@wsj_0124</id><span>455,457</span><type>Day-Of-Month</type></entity><entity><id>8@wsj_0124</id><span>551,556</span><type>Month-Of-Year</type></entity><entity><id>9@wsj_0124</id><span>656,661</span><type>Number</type></entity><entity><id>10@wsj_0124</id><span>662,669</span><type>Period</type></entity><entity><id>11@wsj_0124</id><span>772,776</span><type>Calendar-Interval</type></entity><entity><id>12@wsj_0124</id><span>777,784</span><type>Before</type></entity><entity><id>13@wsj_0124</id><span>791,797</span><type>Last</type></entity><entity><id>14@wsj_0124</id><span>853,858</span><type>After</type></entity><entity><id>15@wsj_0124</id><span>1019,1023</span><type>Month-Of-Year</type></entity><entity><id>16@wsj_0124</id><span>1025,1027</span><type>Day-Of-Month</type></entity><entity><id>17@wsj_0124</id><span>1029,1033</span><type>Year</type></entity><entity><id>18@wsj_0124</id><span>1198,1207</span><type>Calendar-Interval</type></entity></annotations></data>