<?xml version='1.0' encoding='UTF-8'?>
<data><annotations><entity><id>0@CNN_20130322_1243</id><span>21,26</span><type>Month-Of-Year</type></entity><entity><id>1@CNN_20130322_1243</id><span>27,29</span><type>Day-Of-Month</type></entity><entity><id>2@CNN_20130322_1243</id><span>31,35</span><type>Year</type></entity><entity><id>3@CNN_20130322_1243</id><span>96,102</span><type>Before</type></entity><entity><id>4@CNN_20130322_1243</id><span>146,150</span><type>This</type></entity><entity><id>5@CNN_20130322_1243</id><span>151,155</span><type>Calendar-Interval</type></entity><entity><id>6@CNN_20130322_1243</id><span>1900,1904</span><type>Period</type></entity><entity><id>7@CNN_20130322_1243</id><span>1990,1993</span><type>Calendar-Interval</type></entity></annotations></data>