<?xml version='1.0' encoding='UTF-8'?>
<data><annotations><entity><id>0@APW19980227.0489</id><span>20,22</span><type>Month-Of-Year</type></entity><entity><id>1@APW19980227.0489</id><span>23,25</span><type>Day-Of-Month</type></entity><entity><id>2@APW19980227.0489</id><span>26,30</span><type>Year</type></entity><entity><id>3@APW19980227.0489</id><span>31,33</span><type>Hour-Of-Day</type></entity><entity><id>4@APW19980227.0489</id><span>34,36</span><type>Minute-Of-Hour</type></entity><entity><id>5@APW19980227.0489</id><span>37,39</span><type>Second-Of-Minute</type></entity><entity><id>6@APW19980227.0489</id><span>70,72</span><type>Month-Of-Year</type></entity><entity><id>7@APW19980227.0489</id><span>73,75</span><type>Day-Of-Month</type></entity><entity><id>8@APW19980227.0489</id><span>76,80</span><type>Year</type></entity><entity><id>9@APW19980227.0489</id><span>81,83</span><type>Hour-Of-Day</type></entity><entity><id>10@APW19980227.0489</id><span>84,86</span><type>Minute-Of-Hour</type></entity><entity><id>11@APW19980227.0489</id><span>87,89</span><type>Second-Of-Minute</type></entity><entity><id>12@APW19980227.0489</id><span>133,135</span><type>Month-Of-Year</type></entity><entity><id>13@APW19980227.0489</id><span>136,138</span><type>Day-Of-Month</type></entity><entity><id>14@APW19980227.0489</id><span>139,141</span><type>Period</type></entity><entity><id>15@APW19980227.0489</id><span>264,270</span><type>Day-Of-Week</type></entity><entity><id>16@APW19980227.0489</id><span>367,373</span><type>Modifier</type></entity><entity><id>17@APW19980227.0489</id><span>374,378</span><type>Number</type></entity><entity><id>18@APW19980227.0489</id><span>379,384</span><type>Period</type></entity><entity><id>19@APW19980227.0489</id><span>385,388</span><type>Before</type></entity><entity><id>20@APW19980227.0489</id><span>574,579</span><type>Month-Of-Year</type></entity><entity><id>21@APW19980227.0489</id><span>580,581</span><type>Day-Of-Month</type></entity><entity><id>22@APW19980227.0489</id><span>583,587</span><type>Year</type></entity><entity><id>23@APW19980227.0489</id><span>945,950</span><type>Number</type></entity><entity><id>24@APW19980227.0489</id><span>951,956</span><type>Period</type></entity><entity><id>25@APW19980227.0489</id><span>1033,1038</span><type>Last</type></entity><entity><id>26@APW19980227.0489</id><span>1137,1143</span><type>Before</type></entity><entity><id>27@APW19980227.0489</id><span>1156,1161</span><type>After</type></entity><entity><id>28@APW19980227.0489</id><span>1275,1279</span><type>Period</type></entity><entity><id>29@APW19980227.0489</id><span>1506,1508</span><type>Month-Of-Year</type></entity><entity><id>30@APW19980227.0489</id><span>1509,1511</span><type>Month-Of-Year</type></entity><entity><id>31@APW19980227.0489</id><span>1512,1514</span><type>Day-Of-Month</type></entity><entity><id>32@APW19980227.0489</id><span>1515,1517</span><type>Second-Of-Minute</type></entity></annotations></data>