<?xml version='1.0' encoding='UTF-8'?>
<data><annotations><entity><id>0@APW19980818.0515</id><span>20,24</span><type>Year</type></entity><entity><id>1@APW19980818.0515</id><span>25,27</span><type>Month-Of-Year</type></entity><entity><id>2@APW19980818.0515</id><span>28,30</span><type>Day-Of-Month</type></entity><entity><id>3@APW19980818.0515</id><span>128,130</span><type>Month-Of-Year</type></entity><entity><id>4@APW19980818.0515</id><span>131,133</span><type>Day-Of-Month</type></entity><entity><id>5@APW19980818.0515</id><span>134,138</span><type>Year</type></entity><entity><id>6@APW19980818.0515</id><span>139,141</span><type>Hour-Of-Day</type></entity><entity><id>7@APW19980818.0515</id><span>142,144</span><type>Minute-Of-Hour</type></entity><entity><id>8@APW19980818.0515</id><span>145,147</span><type>Second-Of-Minute</type></entity><entity><id>9@APW19980818.0515</id><span>534,538</span><type>Calendar-Interval</type></entity><entity><id>10@APW19980818.0515</id><span>729,736</span><type>Day-Of-Week</type></entity><entity><id>11@APW19980818.0515</id><span>1084,1088</span><type>Next</type></entity><entity><id>12@APW19980818.0515</id><span>1158,1161</span><type>Month-Of-Year</type></entity><entity><id>13@APW19980818.0515</id><span>1163,1164</span><type>Day-Of-Month</type></entity><entity><id>14@APW19980818.0515</id><span>1377,1383</span><type>Day-Of-Week</type></entity><entity><id>15@APW19980818.0515</id><span>1496,1501</span><type>After</type></entity><entity><id>16@APW19980818.0515</id><span>1502,1507</span><type>Number</type></entity><entity><id>17@APW19980818.0515</id><span>1508,1512</span><type>Period</type></entity><entity><id>18@APW19980818.0515</id><span>1549,1554</span><type>After</type></entity><entity><id>19@APW19980818.0515</id><span>1557,1559</span><type>Number</type></entity><entity><id>20@APW19980818.0515</id><span>1560,1564</span><type>Period</type></entity><entity><id>21@APW19980818.0515</id><span>1579,1584</span><type>Modifier</type></entity><entity><id>22@APW19980818.0515</id><span>1585,1589</span><type>Number</type></entity><entity><id>23@APW19980818.0515</id><span>1590,1595</span><type>Period</type></entity><entity><id>24@APW19980818.0515</id><span>1608,1614</span><type>Before</type></entity><entity><id>25@APW19980818.0515</id><span>1895,1899</span><type>Number</type></entity><entity><id>26@APW19980818.0515</id><span>1900,1904</span><type>Calendar-Interval</type></entity><entity><id>27@APW19980818.0515</id><span>1911,1917</span><type>Before</type></entity><entity><id>28@APW19980818.0515</id><span>2214,2218</span><type>Period</type></entity><entity><id>29@APW19980818.0515</id><span>2219,2224</span><type>Between</type></entity><entity><id>30@APW19980818.0515</id><span>2535,2541</span><type>Before</type></entity><entity><id>31@APW19980818.0515</id><span>4266,4269</span><type>This</type></entity><entity><id>32@APW19980818.0515</id><span>4445,4455</span><type>Last</type></entity><entity><id>33@APW19980818.0515</id><span>4588,4592</span><type>Last</type></entity><entity><id>34@APW19980818.0515</id><span>4593,4597</span><type>Calendar-Interval</type></entity><entity><id>35@APW19980818.0515</id><span>4755,4760</span><type>Calendar-Interval</type></entity><entity><id>36@APW19980818.0515</id><span>4787,4796</span><type>After</type></entity><entity><id>37@APW19980818.0515</id><span>4846,4851</span><type>Between</type></entity><entity><id>38@APW19980818.0515</id><span>5124,5126</span><type>Month-Of-Year</type></entity><entity><id>39@APW19980818.0515</id><span>5127,5129</span><type>Day-Of-Month</type></entity><entity><id>40@APW19980818.0515</id><span>5130,5132</span><type>Two-Digit-Year</type></entity></annotations></data>