<?xml version='1.0' encoding='UTF-8'?>
<data><annotations><entity><id>0@VOA19980331.1700.1533</id><span>90,98</span><type>Last</type></entity><entity><id>1@VOA19980331.1700.1533</id><span>333,342</span><type>This</type></entity><entity><id>2@VOA19980331.1700.1533</id><span>450,457</span><type>This</type></entity><entity><id>3@VOA19980331.1700.1533</id><span>1282,1286</span><type>Period</type></entity><entity><id>4@VOA19980331.1700.1533</id><span>1342,1349</span><type>Modifier</type></entity><entity><id>5@VOA19980331.1700.1533</id><span>1350,1360</span><type>Number</type></entity><entity><id>6@VOA19980331.1700.1533</id><span>1361,1365</span><type>Calendar-Interval</type></entity><entity><id>7@VOA19980331.1700.1533</id><span>1692,1699</span><type>This</type></entity><entity><id>8@VOA19980331.1700.1533</id><span>1724,1731</span><type>Number</type></entity><entity><id>9@VOA19980331.1700.1533</id><span>1732,1737</span><type>Period</type></entity><entity><id>10@VOA19980331.1700.1533</id><span>1767,1769</span><type>After</type></entity><entity><id>11@VOA19980331.1700.1533</id><span>1772,1776</span><type>Period</type></entity><entity><id>12@VOA19980331.1700.1533</id><span>1921,1926</span><type>Period</type></entity><entity><id>13@VOA19980331.1700.1533</id><span>2103,2108</span><type>Modifier</type></entity><entity><id>14@VOA19980331.1700.1533</id><span>2109,2114</span><type>Period</type></entity><entity><id>15@VOA19980331.1700.1533</id><span>2246,2251</span><type>Modifier</type></entity><entity><id>16@VOA19980331.1700.1533</id><span>2252,2255</span><type>Number</type></entity><entity><id>17@VOA19980331.1700.1533</id><span>2256,2264</span><type>Number</type></entity><entity><id>18@VOA19980331.1700.1533</id><span>2265,2273</span><type>Frequency</type></entity><entity><id>19@VOA19980331.1700.1533</id><span>2292,2303</span><type>Frequency</type></entity><entity><id>20@VOA19980331.1700.1533</id><span>2309,2313</span><type>Calendar-Interval</type></entity><entity><id>21@VOA19980331.1700.1533</id><span>2406,2410</span><type>Number</type></entity><entity><id>22@VOA19980331.1700.1533</id><span>2411,2417</span><type>Period</type></entity><entity><id>23@VOA19980331.1700.1533</id><span>2418,2421</span><type>Before</type></entity><entity><id>24@VOA19980331.1700.1533</id><span>2436,2440</span><type>Number</type></entity><entity><id>25@VOA19980331.1700.1533</id><span>2441,2447</span><type>Period</type></entity><entity><id>26@VOA19980331.1700.1533</id><span>2537,2542</span><type>Calendar-Interval</type></entity></annotations></data>