<?xml version='1.0' encoding='UTF-8'?>
<data><annotations><entity><id>0@APW19980322.0749</id><span>20,22</span><type>Month-Of-Year</type></entity><entity><id>1@APW19980322.0749</id><span>23,25</span><type>Day-Of-Month</type></entity><entity><id>2@APW19980322.0749</id><span>26,30</span><type>Year</type></entity><entity><id>3@APW19980322.0749</id><span>31,33</span><type>Hour-Of-Day</type></entity><entity><id>4@APW19980322.0749</id><span>34,36</span><type>Minute-Of-Hour</type></entity><entity><id>5@APW19980322.0749</id><span>37,39</span><type>Second-Of-Minute</type></entity><entity><id>6@APW19980322.0749</id><span>70,72</span><type>Month-Of-Year</type></entity><entity><id>7@APW19980322.0749</id><span>73,75</span><type>Day-Of-Month</type></entity><entity><id>8@APW19980322.0749</id><span>76,80</span><type>Year</type></entity><entity><id>9@APW19980322.0749</id><span>81,83</span><type>Hour-Of-Day</type></entity><entity><id>10@APW19980322.0749</id><span>84,86</span><type>Minute-Of-Hour</type></entity><entity><id>11@APW19980322.0749</id><span>87,89</span><type>Second-Of-Minute</type></entity><entity><id>12@APW19980322.0749</id><span>154,156</span><type>Month-Of-Year</type></entity><entity><id>13@APW19980322.0749</id><span>157,159</span><type>Day-Of-Month</type></entity><entity><id>14@APW19980322.0749</id><span>160,162</span><type>Day-Of-Month</type></entity><entity><id>15@APW19980322.0749</id><span>162,164</span><type>Second-Of-Minute</type></entity><entity><id>16@APW19980322.0749</id><span>223,226</span><type>Part-Of-Day</type></entity><entity><id>17@APW19980322.0749</id><span>542,548</span><type>Day-Of-Week</type></entity><entity><id>18@APW19980322.0749</id><span>593,596</span><type>Part-Of-Day</type></entity><entity><id>19@APW19980322.0749</id><span>874,880</span><type>Last</type></entity><entity><id>20@APW19980322.0749</id><span>924,925</span><type>Number</type></entity><entity><id>21@APW19980322.0749</id><span>926,931</span><type>Period</type></entity><entity><id>22@APW19980322.0749</id><span>988,994</span><type>Day-Of-Week</type></entity><entity><id>23@APW19980322.0749</id><span>1121,1126</span><type>Between</type></entity><entity><id>24@APW19980322.0749</id><span>1170,1173</span><type>Month-Of-Year</type></entity><entity><id>25@APW19980322.0749</id><span>1175,1177</span><type>Day-Of-Month</type></entity><entity><id>26@APW19980322.0749</id><span>1323,1329</span><type>Day-Of-Week</type></entity><entity><id>27@APW19980322.0749</id><span>1352,1354</span><type>Number</type></entity><entity><id>28@APW19980322.0749</id><span>1660,1663</span><type>Month-Of-Year</type></entity><entity><id>29@APW19980322.0749</id><span>1693,1696</span><type>Number</type></entity><entity><id>30@APW19980322.0749</id><span>1697,1702</span><type>Period</type></entity><entity><id>31@APW19980322.0749</id><span>1703,1706</span><type>Before</type></entity><entity><id>32@APW19980322.0749</id><span>1816,1818</span><type>Number</type></entity><entity><id>33@APW19980322.0749</id><span>1819,1823</span><type>Calendar-Interval</type></entity><entity><id>34@APW19980322.0749</id><span>1824,1827</span><type>Before</type></entity><entity><id>35@APW19980322.0749</id><span>1850,1854</span><type>Last</type></entity><entity><id>36@APW19980322.0749</id><span>1855,1859</span><type>Calendar-Interval</type></entity><entity><id>37@APW19980322.0749</id><span>1907,1915</span><type>Month-Of-Year</type></entity><entity><id>38@APW19980322.0749</id><span>1946,1952</span><type>Day-Of-Week</type></entity><entity><id>39@APW19980322.0749</id><span>2064,2072</span><type>Next</type></entity><entity><id>40@APW19980322.0749</id><span>2545,2550</span><type>Between</type></entity><entity><id>41@APW19980322.0749</id><span>2551,2555</span><type>Year</type></entity><entity><id>42@APW19980322.0749</id><span>2733,2739</span><type>Last</type></entity><entity><id>43@APW19980322.0749</id><span>2759,2765</span><type>Day-Of-Week</type></entity><entity><id>44@APW19980322.0749</id><span>2836,2842</span><type>Calendar-Interval</type></entity><entity><id>45@APW19980322.0749</id><span>2843,2850</span><type>Frequency</type></entity><entity><id>46@APW19980322.0749</id><span>3067,3071</span><type>Last</type></entity><entity><id>47@APW19980322.0749</id><span>3072,3077</span><type>Number</type></entity><entity><id>48@APW19980322.0749</id><span>3078,3085</span><type>Period</type></entity><entity><id>49@APW19980322.0749</id><span>3170,3175</span><type>Frequency</type></entity><entity><id>50@APW19980322.0749</id><span>3181,3185</span><type>Month-Of-Year</type></entity><entity><id>51@APW19980322.0749</id><span>3487,3491</span><type>This</type></entity><entity><id>52@APW19980322.0749</id><span>3492,3498</span><type>Season-Of-Year</type></entity><entity><id>53@APW19980322.0749</id><span>3570,3574</span><type>This</type></entity><entity><id>54@APW19980322.0749</id><span>3575,3581</span><type>Season-Of-Year</type></entity><entity><id>55@APW19980322.0749</id><span>3918,3925</span><type>Last</type></entity><entity><id>56@APW19980322.0749</id><span>3926,3932</span><type>Day-Of-Week</type></entity><entity><id>57@APW19980322.0749</id><span>4251,4256</span><type>After</type></entity><entity><id>58@APW19980322.0749</id><span>4557,4559</span><type>Month-Of-Year</type></entity><entity><id>59@APW19980322.0749</id><span>4560,4562</span><type>Month-Of-Year</type></entity><entity><id>60@APW19980322.0749</id><span>4563,4565</span><type>Day-Of-Month</type></entity></annotations></data>