<?xml version='1.0' encoding='UTF-8'?>
<data><annotations><entity><id>0@APW19980418.0210</id><span>20,22</span><type>Month-Of-Year</type></entity><entity><id>1@APW19980418.0210</id><span>23,25</span><type>Day-Of-Month</type></entity><entity><id>2@APW19980418.0210</id><span>26,30</span><type>Year</type></entity><entity><id>3@APW19980418.0210</id><span>31,33</span><type>Hour-Of-Day</type></entity><entity><id>4@APW19980418.0210</id><span>34,36</span><type>Minute-Of-Hour</type></entity><entity><id>5@APW19980418.0210</id><span>37,39</span><type>Second-Of-Minute</type></entity><entity><id>6@APW19980418.0210</id><span>56,58</span><type>Two-Digit-Year</type></entity><entity><id>7@APW19980418.0210</id><span>70,72</span><type>Month-Of-Year</type></entity><entity><id>8@APW19980418.0210</id><span>73,75</span><type>Day-Of-Month</type></entity><entity><id>9@APW19980418.0210</id><span>76,80</span><type>Year</type></entity><entity><id>10@APW19980418.0210</id><span>81,83</span><type>Hour-Of-Day</type></entity><entity><id>11@APW19980418.0210</id><span>84,86</span><type>Minute-Of-Hour</type></entity><entity><id>12@APW19980418.0210</id><span>87,89</span><type>Second-Of-Minute</type></entity><entity><id>13@APW19980418.0210</id><span>388,396</span><type>Day-Of-Week</type></entity><entity><id>14@APW19980418.0210</id><span>406,408</span><type>Period</type></entity><entity><id>15@APW19980418.0210</id><span>479,486</span><type>Part-Of-Day</type></entity><entity><id>16@APW19980418.0210</id><span>598,602</span><type>Year</type></entity><entity><id>17@APW19980418.0210</id><span>779,782</span><type>Month-Of-Year</type></entity><entity><id>18@APW19980418.0210</id><span>783,785</span><type>Day-Of-Month</type></entity><entity><id>19@APW19980418.0210</id><span>787,791</span><type>Year</type></entity><entity><id>20@APW19980418.0210</id><span>802,805</span><type>Number</type></entity><entity><id>21@APW19980418.0210</id><span>806,810</span><type>Calendar-Interval</type></entity><entity><id>22@APW19980418.0210</id><span>1027,1034</span><type>Month-Of-Year</type></entity><entity><id>23@APW19980418.0210</id><span>1035,1039</span><type>Year</type></entity><entity><id>24@APW19980418.0210</id><span>1044,1049</span><type>Next</type></entity><entity><id>25@APW19980418.0210</id><span>1151,1154</span><type>Number</type></entity><entity><id>26@APW19980418.0210</id><span>1155,1158</span><type>Calendar-Interval</type></entity><entity><id>27@APW19980418.0210</id><span>1222,1224</span><type>Period</type></entity><entity><id>28@APW19980418.0210</id><span>1261,1264</span><type>Month-Of-Year</type></entity><entity><id>29@APW19980418.0210</id><span>1265,1267</span><type>Day-Of-Month</type></entity><entity><id>30@APW19980418.0210</id><span>1269,1273</span><type>Year</type></entity><entity><id>31@APW19980418.0210</id><span>1320,1329</span><type>Next</type></entity><entity><id>32@APW19980418.0210</id><span>1330,1334</span><type>Calendar-Interval</type></entity><entity><id>33@APW19980418.0210</id><span>1466,1474</span><type>Month-Of-Year</type></entity><entity><id>34@APW19980418.0210</id><span>1681,1683</span><type>Month-Of-Year</type></entity><entity><id>35@APW19980418.0210</id><span>1684,1686</span><type>Month-Of-Year</type></entity><entity><id>36@APW19980418.0210</id><span>1687,1689</span><type>Two-Digit-Year</type></entity></annotations></data>