<?xml version='1.0' encoding='UTF-8'?>
<data><annotations><entity><id>0@AP_20130322</id><span>15,20</span><type>Month-Of-Year</type></entity><entity><id>1@AP_20130322</id><span>21,23</span><type>Day-Of-Month</type></entity><entity><id>2@AP_20130322</id><span>25,29</span><type>Year</type></entity><entity><id>3@AP_20130322</id><span>82,88</span><type>Period</type></entity><entity><id>4@AP_20130322</id><span>175,181</span><type>Season-Of-Year</type></entity><entity><id>5@AP_20130322</id><span>190,195</span><type>Modifier</type></entity><entity><id>6@AP_20130322</id><span>198,203</span><type>Period</type></entity><entity><id>7@AP_20130322</id><span>204,211</span><type>Before</type></entity><entity><id>8@AP_20130322</id><span>271,273</span><type>After</type></entity><entity><id>9@AP_20130322</id><span>276,282</span><type>Period</type></entity><entity><id>10@AP_20130322</id><span>474,478</span><type>Last</type></entity><entity><id>11@AP_20130322</id><span>479,483</span><type>Calendar-Interval</type></entity><entity><id>12@AP_20130322</id><span>561,567</span><type>Day-Of-Week</type></entity><entity><id>13@AP_20130322</id><span>613,619</span><type>Period</type></entity><entity><id>14@AP_20130322</id><span>665,669</span><type>Year</type></entity><entity><id>15@AP_20130322</id><span>669,670</span><type>Between</type></entity><entity><id>16@AP_20130322</id><span>670,674</span><type>Year</type></entity><entity><id>17@AP_20130322</id><span>743,744</span><type>Number</type></entity><entity><id>18@AP_20130322</id><span>745,751</span><type>Period</type></entity><entity><id>19@AP_20130322</id><span>793,799</span><type>Season-Of-Year</type></entity><entity><id>20@AP_20130322</id><span>996,1000</span><type>This</type></entity><entity><id>21@AP_20130322</id><span>1001,1005</span><type>Calendar-Interval</type></entity><entity><id>22@AP_20130322</id><span>1131,1136</span><type>Last</type></entity><entity><id>23@AP_20130322</id><span>1144,1150</span><type>Season-Of-Year</type></entity><entity><id>24@AP_20130322</id><span>1318,1320</span><type>Period</type></entity><entity><id>25@AP_20130322</id><span>1385,1388</span><type>Number</type></entity><entity><id>26@AP_20130322</id><span>1389,1392</span><type>Frequency</type></entity><entity><id>27@AP_20130322</id><span>1402,1406</span><type>Number</type></entity><entity><id>28@AP_20130322</id><span>1460,1464</span><type>Last</type></entity><entity><id>29@AP_20130322</id><span>1465,1472</span><type>Number</type></entity><entity><id>30@AP_20130322</id><span>1473,1479</span><type>Period</type></entity><entity><id>31@AP_20130322</id><span>1488,1497</span><type>Modifier</type></entity><entity><id>32@AP_20130322</id><span>1498,1503</span><type>Number</type></entity><entity><id>33@AP_20130322</id><span>1504,1509</span><type>Frequency</type></entity><entity><id>34@AP_20130322</id><span>1532,1538</span><type>Last</type></entity><entity><id>35@AP_20130322</id><span>1539,1545</span><type>Period</type></entity><entity><id>36@AP_20130322</id><span>1575,1580</span><type>Modifier</type></entity><entity><id>37@AP_20130322</id><span>1581,1589</span><type>Month-Of-Year</type></entity><entity><id>38@AP_20130322</id><span>1593,1598</span><type>Period</type></entity><entity><id>39@AP_20130322</id><span>1599,1606</span><type>Before</type></entity><entity><id>40@AP_20130322</id><span>1637,1640</span><type>Modifier</type></entity><entity><id>41@AP_20130322</id><span>1644,1648</span><type>Calendar-Interval</type></entity><entity><id>42@AP_20130322</id><span>1650,1655</span><type>Between</type></entity><entity><id>43@AP_20130322</id><span>1656,1660</span><type>This</type></entity><entity><id>44@AP_20130322</id><span>1760,1763</span><type>Modifier</type></entity><entity><id>45@AP_20130322</id><span>1771,1777</span><type>Period</type></entity></annotations></data>