<?xml version='1.0' encoding='UTF-8'?>
<data><annotations><entity><id>0@PRI19980205.2000.1998</id><span>14,18</span><type>Year</type></entity><entity><id>1@PRI19980205.2000.1998</id><span>19,23</span><type>Year</type></entity><entity><id>2@PRI19980205.2000.1998</id><span>48,52</span><type>Year</type></entity><entity><id>3@PRI19980205.2000.1998</id><span>53,57</span><type>Year</type></entity><entity><id>4@PRI19980205.2000.1998</id><span>127,132</span><type>Calendar-Interval</type></entity><entity><id>5@PRI19980205.2000.1998</id><span>188,194</span><type>Last</type></entity><entity><id>6@PRI19980205.2000.1998</id><span>442,445</span><type>This</type></entity><entity><id>7@PRI19980205.2000.1998</id><span>478,483</span><type>Between</type></entity><entity><id>8@PRI19980205.2000.1998</id><span>536,540</span><type>This</type></entity><entity><id>9@PRI19980205.2000.1998</id><span>541,550</span><type>Month-Of-Year</type></entity><entity><id>10@PRI19980205.2000.1998</id><span>597,601</span><type>Period</type></entity><entity><id>11@PRI19980205.2000.1998</id><span>663,667</span><type>Calendar-Interval</type></entity><entity><id>12@PRI19980205.2000.1998</id><span>668,671</span><type>Number</type></entity><entity><id>13@PRI19980205.2000.1998</id><span>685,688</span><type>This</type></entity></annotations></data>