<?xml version='1.0' encoding='UTF-8'?>
<data><annotations><entity><id>0@wsj_0106</id><span>12,14</span><type>Month-Of-Year</type></entity><entity><id>1@wsj_0106</id><span>15,17</span><type>Day-Of-Month</type></entity><entity><id>2@wsj_0106</id><span>18,20</span><type>Two-Digit-Year</type></entity><entity><id>3@wsj_0106</id><span>109,111</span><type>Month-Of-Year</type></entity><entity><id>4@wsj_0106</id><span>112,114</span><type>Day-Of-Month</type></entity><entity><id>5@wsj_0106</id><span>115,117</span><type>Two-Digit-Year</type></entity><entity><id>6@wsj_0106</id><span>542,548</span><type>Before</type></entity></annotations></data>