<?xml version='1.0' encoding='UTF-8'?>
<data><annotations><entity><id>0@AP900816-0139</id><span>17,19</span><type>Month-Of-Year</type></entity><entity><id>1@AP900816-0139</id><span>20,22</span><type>Day-Of-Month</type></entity><entity><id>2@AP900816-0139</id><span>53,55</span><type>Month-Of-Year</type></entity><entity><id>3@AP900816-0139</id><span>56,58</span><type>Day-Of-Month</type></entity><entity><id>4@AP900816-0139</id><span>59,61</span><type>Day-Of-Month</type></entity><entity><id>5@AP900816-0139</id><span>62,64</span><type>Two-Digit-Year</type></entity><entity><id>6@AP900816-0139</id><span>113,115</span><type>Minute-Of-Hour</type></entity><entity><id>7@AP900816-0139</id><span>116,118</span><type>Hour-Of-Day</type></entity><entity><id>8@AP900816-0139</id><span>118,120</span><type>Minute-Of-Hour</type></entity><entity><id>9@AP900816-0139</id><span>121,123</span><type>AMPM-Of-Day</type></entity><entity><id>10@AP900816-0139</id><span>526,534</span><type>Day-Of-Week</type></entity><entity><id>11@AP900816-0139</id><span>701,704</span><type>Number</type></entity><entity><id>12@AP900816-0139</id><span>705,709</span><type>Calendar-Interval</type></entity><entity><id>13@AP900816-0139</id><span>955,960</span><type>After</type></entity><entity><id>14@AP900816-0139</id><span>963,966</span><type>Number</type></entity><entity><id>15@AP900816-0139</id><span>967,971</span><type>Calendar-Interval</type></entity><entity><id>16@AP900816-0139</id><span>1157,1165</span><type>Day-Of-Week</type></entity><entity><id>17@AP900816-0139</id><span>2993,2996</span><type>This</type></entity><entity><id>18@AP900816-0139</id><span>3066,3071</span><type>Between</type></entity><entity><id>19@AP900816-0139</id><span>3076,3079</span><type>Month-Of-Year</type></entity><entity><id>20@AP900816-0139</id><span>3081,3082</span><type>Day-Of-Month</type></entity><entity><id>21@AP900816-0139</id><span>3196,3204</span><type>Day-Of-Week</type></entity><entity><id>22@AP900816-0139</id><span>3469,3474</span><type>After</type></entity><entity><id>23@AP900816-0139</id><span>3985,3990</span><type>Between</type></entity><entity><id>24@AP900816-0139</id><span>4120,4125</span><type>Between</type></entity><entity><id>25@AP900816-0139</id><span>4361,4367</span><type>Period</type></entity><entity><id>26@AP900816-0139</id><span>5402,5407</span><type>Between</type></entity><entity><id>27@AP900816-0139</id><span>5575,5578</span><type>This</type></entity><entity><id>28@AP900816-0139</id><span>6232,6235</span><type>This</type></entity><entity><id>29@AP900816-0139</id><span>6642,6645</span><type>This</type></entity><entity><id>30@AP900816-0139</id><span>6646,6652</span><type>Period</type></entity><entity><id>31@AP900816-0139</id><span>6658,6661</span><type>Calendar-Interval</type></entity><entity><id>32@AP900816-0139</id><span>6662,6669</span><type>Before</type></entity><entity><id>33@AP900816-0139</id><span>6828,6832</span><type>This</type></entity><entity><id>34@AP900816-0139</id><span>6833,6837</span><type>Calendar-Interval</type></entity><entity><id>35@AP900816-0139</id><span>7385,7394</span><type>Day-Of-Week</type></entity><entity><id>36@AP900816-0139</id><span>7443,7451</span><type>Day-Of-Week</type></entity><entity><id>37@AP900816-0139</id><span>7858,7867</span><type>Month-Of-Year</type></entity><entity><id>38@AP900816-0139</id><span>7926,7934</span><type>Day-Of-Week</type></entity></annotations></data>