<?xml version='1.0' encoding='UTF-8'?>
<data><annotations><entity><id>0@NYT19980206.0466</id><span>20,22</span><type>Month-Of-Year</type></entity><entity><id>1@NYT19980206.0466</id><span>23,25</span><type>Day-Of-Month</type></entity><entity><id>2@NYT19980206.0466</id><span>26,30</span><type>Year</type></entity><entity><id>3@NYT19980206.0466</id><span>31,33</span><type>Hour-Of-Day</type></entity><entity><id>4@NYT19980206.0466</id><span>34,36</span><type>Minute-Of-Hour</type></entity><entity><id>5@NYT19980206.0466</id><span>37,39</span><type>Second-Of-Minute</type></entity><entity><id>6@NYT19980206.0466</id><span>70,72</span><type>Month-Of-Year</type></entity><entity><id>7@NYT19980206.0466</id><span>73,75</span><type>Day-Of-Month</type></entity><entity><id>8@NYT19980206.0466</id><span>76,80</span><type>Year</type></entity><entity><id>9@NYT19980206.0466</id><span>81,83</span><type>Hour-Of-Day</type></entity><entity><id>10@NYT19980206.0466</id><span>84,86</span><type>Minute-Of-Hour</type></entity><entity><id>11@NYT19980206.0466</id><span>87,89</span><type>Second-Of-Minute</type></entity><entity><id>12@NYT19980206.0466</id><span>232,236</span><type>Year</type></entity><entity><id>13@NYT19980206.0466</id><span>286,295</span><type>After</type></entity><entity><id>14@NYT19980206.0466</id><span>316,322</span><type>Day-Of-Week</type></entity><entity><id>15@NYT19980206.0466</id><span>327,335</span><type>Day-Of-Week</type></entity><entity><id>16@NYT19980206.0466</id><span>538,544</span><type>Day-Of-Week</type></entity><entity><id>17@NYT19980206.0466</id><span>618,626</span><type>Day-Of-Week</type></entity><entity><id>18@NYT19980206.0466</id><span>895,903</span><type>Day-Of-Week</type></entity><entity><id>19@NYT19980206.0466</id><span>914,918</span><type>Last</type></entity><entity><id>20@NYT19980206.0466</id><span>919,922</span><type>Number</type></entity><entity><id>21@NYT19980206.0466</id><span>923,928</span><type>Period</type></entity><entity><id>22@NYT19980206.0466</id><span>1056,1062</span><type>Last</type></entity><entity><id>23@NYT19980206.0466</id><span>1104,1110</span><type>Day-Of-Week</type></entity><entity><id>24@NYT19980206.0466</id><span>1480,1486</span><type>Day-Of-Week</type></entity><entity><id>25@NYT19980206.0466</id><span>1584,1589</span><type>Calendar-Interval</type></entity><entity><id>26@NYT19980206.0466</id><span>1652,1656</span><type>This</type></entity><entity><id>27@NYT19980206.0466</id><span>1657,1664</span><type>Part-Of-Day</type></entity><entity><id>28@NYT19980206.0466</id><span>1737,1739</span><type>Month-Of-Year</type></entity><entity><id>29@NYT19980206.0466</id><span>1740,1742</span><type>Day-Of-Month</type></entity></annotations></data>