<?xml version='1.0' encoding='UTF-8'?>
<data><annotations><entity><id>0@APW19980626.0364</id><span>20,22</span><type>Month-Of-Year</type></entity><entity><id>1@APW19980626.0364</id><span>23,25</span><type>Day-Of-Month</type></entity><entity><id>2@APW19980626.0364</id><span>26,30</span><type>Year</type></entity><entity><id>3@APW19980626.0364</id><span>31,33</span><type>Hour-Of-Day</type></entity><entity><id>4@APW19980626.0364</id><span>34,36</span><type>Minute-Of-Hour</type></entity><entity><id>5@APW19980626.0364</id><span>37,39</span><type>Second-Of-Minute</type></entity><entity><id>6@APW19980626.0364</id><span>70,72</span><type>Month-Of-Year</type></entity><entity><id>7@APW19980626.0364</id><span>73,75</span><type>Day-Of-Month</type></entity><entity><id>8@APW19980626.0364</id><span>76,80</span><type>Year</type></entity><entity><id>9@APW19980626.0364</id><span>81,83</span><type>Hour-Of-Day</type></entity><entity><id>10@APW19980626.0364</id><span>84,86</span><type>Minute-Of-Hour</type></entity><entity><id>11@APW19980626.0364</id><span>87,89</span><type>Second-Of-Minute</type></entity><entity><id>12@APW19980626.0364</id><span>147,149</span><type>Day-Of-Month</type></entity><entity><id>13@APW19980626.0364</id><span>419,425</span><type>Day-Of-Week</type></entity><entity><id>14@APW19980626.0364</id><span>566,570</span><type>Year</type></entity><entity><id>15@APW19980626.0364</id><span>1100,1108</span><type>Last</type></entity><entity><id>16@APW19980626.0364</id><span>1259,1263</span><type>This</type></entity><entity><id>17@APW19980626.0364</id><span>1264,1273</span><type>Month-Of-Year</type></entity><entity><id>18@APW19980626.0364</id><span>1410,1412</span><type>Month-Of-Year</type></entity><entity><id>19@APW19980626.0364</id><span>1413,1415</span><type>Month-Of-Year</type></entity><entity><id>20@APW19980626.0364</id><span>1416,1418</span><type>Day-Of-Month</type></entity></annotations></data>