<?xml version='1.0' encoding='UTF-8'?>
<data><annotations><entity><id>0@PRI19980121.2000.2591</id><span>5,9</span><type>Year</type></entity><entity><id>1@PRI19980121.2000.2591</id><span>11,13</span><type>Day-Of-Month</type></entity><entity><id>2@PRI19980121.2000.2591</id><span>14,18</span><type>Year</type></entity><entity><id>3@PRI19980121.2000.2591</id><span>25,29</span><type>Year</type></entity><entity><id>4@PRI19980121.2000.2591</id><span>39,43</span><type>Year</type></entity><entity><id>5@PRI19980121.2000.2591</id><span>43,45</span><type>Month-Of-Year</type></entity><entity><id>6@PRI19980121.2000.2591</id><span>45,47</span><type>Day-Of-Month</type></entity><entity><id>7@PRI19980121.2000.2591</id><span>48,52</span><type>Year</type></entity><entity><id>8@PRI19980121.2000.2591</id><span>72,75</span><type>This</type></entity><entity><id>9@PRI19980121.2000.2591</id><span>80,85</span><type>Calendar-Interval</type></entity><entity><id>10@PRI19980121.2000.2591</id><span>338,345</span><type>Period</type></entity><entity><id>11@PRI19980121.2000.2591</id><span>509,518</span><type>Period</type></entity><entity><id>12@PRI19980121.2000.2591</id><span>687,696</span><type>Modifier</type></entity><entity><id>13@PRI19980121.2000.2591</id><span>697,700</span><type>Number</type></entity><entity><id>14@PRI19980121.2000.2591</id><span>701,709</span><type>Number</type></entity><entity><id>15@PRI19980121.2000.2591</id><span>710,715</span><type>Period</type></entity><entity><id>16@PRI19980121.2000.2591</id><span>948,950</span><type>After</type></entity><entity><id>17@PRI19980121.2000.2591</id><span>958,961</span><type>Number</type></entity><entity><id>18@PRI19980121.2000.2591</id><span>962,969</span><type>Period</type></entity></annotations></data>