<?xml version='1.0' encoding='UTF-8'?>
<data><annotations><entity><id>0@bbc_20130322_1353</id><span>21,25</span><type>Year</type></entity><entity><id>1@bbc_20130322_1353</id><span>26,28</span><type>Month-Of-Year</type></entity><entity><id>2@bbc_20130322_1353</id><span>29,31</span><type>Day-Of-Month</type></entity><entity><id>3@bbc_20130322_1353</id><span>194,198</span><type>Year</type></entity><entity><id>4@bbc_20130322_1353</id><span>438,448</span><type>Last</type></entity><entity><id>5@bbc_20130322_1353</id><span>665,669</span><type>Last</type></entity><entity><id>6@bbc_20130322_1353</id><span>966,969</span><type>Month-Of-Year</type></entity><entity><id>7@bbc_20130322_1353</id><span>970,974</span><type>Year</type></entity><entity><id>8@bbc_20130322_1353</id><span>1238,1242</span><type>Period</type></entity><entity><id>9@bbc_20130322_1353</id><span>1308,1311</span><type>This</type></entity><entity><id>10@bbc_20130322_1353</id><span>1312,1316</span><type>Period</type></entity><entity><id>11@bbc_20130322_1353</id><span>1439,1445</span><type>Before</type></entity><entity><id>12@bbc_20130322_1353</id><span>1470,1476</span><type>Day-Of-Week</type></entity><entity><id>13@bbc_20130322_1353</id><span>1477,1486</span><type>Part-Of-Day</type></entity></annotations></data>