<?xml version='1.0' encoding='UTF-8'?>
<data><annotations><entity><id>0@WSJ_20130322_804</id><span>20,25</span><type>Month-Of-Year</type></entity><entity><id>1@WSJ_20130322_804</id><span>26,28</span><type>Day-Of-Month</type></entity><entity><id>2@WSJ_20130322_804</id><span>30,34</span><type>Year</type></entity><entity><id>3@WSJ_20130322_804</id><span>199,203</span><type>Next</type></entity><entity><id>4@WSJ_20130322_804</id><span>204,208</span><type>Calendar-Interval</type></entity><entity><id>5@WSJ_20130322_804</id><span>571,575</span><type>Next</type></entity><entity><id>6@WSJ_20130322_804</id><span>576,580</span><type>Calendar-Interval</type></entity><entity><id>7@WSJ_20130322_804</id><span>887,891</span><type>Year</type></entity><entity><id>8@WSJ_20130322_804</id><span>1223,1227</span><type>Next</type></entity><entity><id>9@WSJ_20130322_804</id><span>1228,1231</span><type>Number</type></entity><entity><id>10@WSJ_20130322_804</id><span>1232,1238</span><type>Period</type></entity><entity><id>11@WSJ_20130322_804</id><span>1710,1718</span><type>Modifier</type></entity><entity><id>12@WSJ_20130322_804</id><span>1719,1723</span><type>Next</type></entity><entity><id>13@WSJ_20130322_804</id><span>1724,1728</span><type>Calendar-Interval</type></entity></annotations></data>