<?xml version='1.0' encoding='UTF-8'?>
<data><annotations><entity><id>0@bbc_20130322_721</id><span>20,24</span><type>Year</type></entity><entity><id>1@bbc_20130322_721</id><span>25,27</span><type>Month-Of-Year</type></entity><entity><id>2@bbc_20130322_721</id><span>28,30</span><type>Day-Of-Month</type></entity><entity><id>3@bbc_20130322_721</id><span>603,609</span><type>Period</type></entity><entity><id>4@bbc_20130322_721</id><span>806,812</span><type>Day-Of-Week</type></entity><entity><id>5@bbc_20130322_721</id><span>872,880</span><type>Day-Of-Week</type></entity></annotations></data>