<?xml version='1.0' encoding='UTF-8'?>
<data><annotations><entity><id>0@APW19980227.0494</id><span>20,22</span><type>Month-Of-Year</type></entity><entity><id>1@APW19980227.0494</id><span>23,25</span><type>Day-Of-Month</type></entity><entity><id>2@APW19980227.0494</id><span>26,30</span><type>Year</type></entity><entity><id>3@APW19980227.0494</id><span>31,33</span><type>Hour-Of-Day</type></entity><entity><id>4@APW19980227.0494</id><span>34,36</span><type>Minute-Of-Hour</type></entity><entity><id>5@APW19980227.0494</id><span>37,39</span><type>Second-Of-Minute</type></entity><entity><id>6@APW19980227.0494</id><span>70,72</span><type>Month-Of-Year</type></entity><entity><id>7@APW19980227.0494</id><span>73,75</span><type>Day-Of-Month</type></entity><entity><id>8@APW19980227.0494</id><span>76,80</span><type>Year</type></entity><entity><id>9@APW19980227.0494</id><span>81,83</span><type>Hour-Of-Day</type></entity><entity><id>10@APW19980227.0494</id><span>84,86</span><type>Minute-Of-Hour</type></entity><entity><id>11@APW19980227.0494</id><span>87,89</span><type>Second-Of-Minute</type></entity><entity><id>12@APW19980227.0494</id><span>578,584</span><type>Day-Of-Week</type></entity><entity><id>13@APW19980227.0494</id><span>743,752</span><type>Period</type></entity><entity><id>14@APW19980227.0494</id><span>841,846</span><type>Between</type></entity><entity><id>15@APW19980227.0494</id><span>1536,1540</span><type>Last</type></entity><entity><id>16@APW19980227.0494</id><span>1541,1544</span><type>Month-Of-Year</type></entity><entity><id>17@APW19980227.0494</id><span>1856,1864</span><type>Modifier</type></entity><entity><id>18@APW19980227.0494</id><span>1865,1867</span><type>Number</type></entity><entity><id>19@APW19980227.0494</id><span>1873,1878</span><type>Period</type></entity><entity><id>20@APW19980227.0494</id><span>1912,1917</span><type>After</type></entity><entity><id>21@APW19980227.0494</id><span>2602,2606</span><type>Last</type></entity><entity><id>22@APW19980227.0494</id><span>2607,2611</span><type>Calendar-Interval</type></entity><entity><id>23@APW19980227.0494</id><span>2831,2837</span><type>Next</type></entity><entity><id>24@APW19980227.0494</id><span>3024,3028</span><type>Last</type></entity><entity><id>25@APW19980227.0494</id><span>3155,3159</span><type>Number</type></entity><entity><id>26@APW19980227.0494</id><span>3160,3163</span><type>Calendar-Interval</type></entity><entity><id>27@APW19980227.0494</id><span>3197,3199</span><type>Number</type></entity><entity><id>28@APW19980227.0494</id><span>3200,3204</span><type>Period</type></entity><entity><id>29@APW19980227.0494</id><span>3303,3307</span><type>Last</type></entity><entity><id>30@APW19980227.0494</id><span>3308,3312</span><type>Calendar-Interval</type></entity><entity><id>31@APW19980227.0494</id><span>3341,3345</span><type>Year</type></entity><entity><id>32@APW19980227.0494</id><span>3369,3375</span><type>Day-Of-Week</type></entity><entity><id>33@APW19980227.0494</id><span>3788,3792</span><type>After</type></entity><entity><id>34@APW19980227.0494</id><span>4145,4147</span><type>Month-Of-Year</type></entity><entity><id>35@APW19980227.0494</id><span>4148,4150</span><type>Month-Of-Year</type></entity><entity><id>36@APW19980227.0494</id><span>4151,4153</span><type>Day-Of-Month</type></entity><entity><id>37@APW19980227.0494</id><span>4154,4156</span><type>Two-Digit-Year</type></entity></annotations></data>