<?xml version='1.0' encoding='UTF-8'?>
<data><annotations><entity><id>0@PRI19980303.2000.2550</id><span>14,18</span><type>Year</type></entity><entity><id>1@PRI19980303.2000.2550</id><span>48,52</span><type>Year</type></entity><entity><id>2@PRI19980303.2000.2550</id><span>72,80</span><type>Calendar-Interval</type></entity><entity><id>3@PRI19980303.2000.2550</id><span>164,167</span><type>This</type></entity><entity><id>4@PRI19980303.2000.2550</id><span>276,284</span><type>Calendar-Interval</type></entity><entity><id>5@PRI19980303.2000.2550</id><span>1788,1791</span><type>This</type></entity><entity><id>6@PRI19980303.2000.2550</id><span>3473,3476</span><type>Number</type></entity><entity><id>7@PRI19980303.2000.2550</id><span>3477,3480</span><type>Calendar-Interval</type></entity></annotations></data>