<?xml version='1.0' encoding='UTF-8'?>
<data><annotations><entity><id>0@WSJ_20130321_1145</id><span>21,26</span><type>Month-Of-Year</type></entity><entity><id>1@WSJ_20130321_1145</id><span>27,29</span><type>Day-Of-Month</type></entity><entity><id>2@WSJ_20130321_1145</id><span>31,35</span><type>Year</type></entity><entity><id>3@WSJ_20130321_1145</id><span>280,287</span><type>Period</type></entity><entity><id>4@WSJ_20130321_1145</id><span>352,356</span><type>Period</type></entity><entity><id>5@WSJ_20130321_1145</id><span>465,471</span><type>Before</type></entity><entity><id>6@WSJ_20130321_1145</id><span>478,480</span><type>Period</type></entity><entity><id>7@WSJ_20130321_1145</id><span>482,487</span><type>Number</type></entity><entity><id>8@WSJ_20130321_1145</id><span>488,493</span><type>Period</type></entity><entity><id>9@WSJ_20130321_1145</id><span>499,502</span><type>This</type></entity><entity><id>10@WSJ_20130321_1145</id><span>690,692</span><type>After</type></entity><entity><id>11@WSJ_20130321_1145</id><span>693,697</span><type>Number</type></entity><entity><id>12@WSJ_20130321_1145</id><span>698,703</span><type>Period</type></entity><entity><id>13@WSJ_20130321_1145</id><span>782,786</span><type>Year</type></entity><entity><id>14@WSJ_20130321_1145</id><span>1050,1055</span><type>Modifier</type></entity><entity><id>15@WSJ_20130321_1145</id><span>1056,1060</span><type>This</type></entity><entity><id>16@WSJ_20130321_1145</id><span>1061,1065</span><type>Calendar-Interval</type></entity><entity><id>17@WSJ_20130321_1145</id><span>1174,1180</span><type>Modifier</type></entity><entity><id>18@WSJ_20130321_1145</id><span>1181,1186</span><type>Number</type></entity><entity><id>19@WSJ_20130321_1145</id><span>1187,1192</span><type>Period</type></entity><entity><id>20@WSJ_20130321_1145</id><span>1318,1321</span><type>Number</type></entity><entity><id>21@WSJ_20130321_1145</id><span>1322,1327</span><type>Period</type></entity><entity><id>22@WSJ_20130321_1145</id><span>1328,1333</span><type>After</type></entity><entity><id>23@WSJ_20130321_1145</id><span>1365,1373</span><type>Last</type></entity><entity><id>24@WSJ_20130321_1145</id><span>1380,1383</span><type>Number</type></entity><entity><id>25@WSJ_20130321_1145</id><span>1389,1395</span><type>Calendar-Interval</type></entity><entity><id>26@WSJ_20130321_1145</id><span>1415,1419</span><type>Period</type></entity><entity><id>27@WSJ_20130321_1145</id><span>1420,1425</span><type>Between</type></entity><entity><id>28@WSJ_20130321_1145</id><span>1506,1510</span><type>This</type></entity><entity><id>29@WSJ_20130321_1145</id><span>1511,1516</span><type>Calendar-Interval</type></entity><entity><id>30@WSJ_20130321_1145</id><span>1578,1579</span><type>Hour-Of-Day</type></entity><entity><id>31@WSJ_20130321_1145</id><span>1580,1582</span><type>Minute-Of-Hour</type></entity><entity><id>32@WSJ_20130321_1145</id><span>1583,1585</span><type>Second-Of-Minute</type></entity><entity><id>33@WSJ_20130321_1145</id><span>1667,1671</span><type>Calendar-Interval</type></entity><entity><id>34@WSJ_20130321_1145</id><span>1672,1678</span><type>Before</type></entity><entity><id>35@WSJ_20130321_1145</id><span>1709,1714</span><type>Modifier</type></entity><entity><id>36@WSJ_20130321_1145</id><span>1715,1719</span><type>Year</type></entity></annotations></data>