<?xml version='1.0' encoding='UTF-8'?>
<data><annotations><entity><id>0@WSJ910225-0066</id><span>18,20</span><type>Month-Of-Year</type></entity><entity><id>1@WSJ910225-0066</id><span>21,23</span><type>Day-Of-Month</type></entity><entity><id>2@WSJ910225-0066</id><span>24,26</span><type>Two-Digit-Year</type></entity><entity><id>3@WSJ910225-0066</id><span>311,313</span><type>Month-Of-Year</type></entity><entity><id>4@WSJ910225-0066</id><span>314,316</span><type>Day-Of-Month</type></entity><entity><id>5@WSJ910225-0066</id><span>317,319</span><type>Two-Digit-Year</type></entity><entity><id>6@WSJ910225-0066</id><span>626,628</span><type>After</type></entity><entity><id>7@WSJ910225-0066</id><span>631,637</span><type>Number</type></entity><entity><id>8@WSJ910225-0066</id><span>641,645</span><type>Period</type></entity><entity><id>9@WSJ910225-0066</id><span>736,738</span><type>Number</type></entity><entity><id>10@WSJ910225-0066</id><span>739,744</span><type>Calendar-Interval</type></entity><entity><id>11@WSJ910225-0066</id><span>1142,1147</span><type>Modifier</type></entity><entity><id>12@WSJ910225-0066</id><span>1208,1212</span><type>Modifier</type></entity><entity><id>13@WSJ910225-0066</id><span>1213,1222</span><type>Calendar-Interval</type></entity><entity><id>14@WSJ910225-0066</id><span>1425,1429</span><type>Calendar-Interval</type></entity><entity><id>15@WSJ910225-0066</id><span>1566,1570</span><type>Last</type></entity><entity><id>16@WSJ910225-0066</id><span>1571,1577</span><type>Calendar-Interval</type></entity><entity><id>17@WSJ910225-0066</id><span>1786,1789</span><type>This</type></entity><entity><id>18@WSJ910225-0066</id><span>2141,2144</span><type>This</type></entity><entity><id>19@WSJ910225-0066</id><span>2220,2225</span><type>Modifier</type></entity><entity><id>20@WSJ910225-0066</id><span>3219,3228</span><type>Calendar-Interval</type></entity><entity><id>21@WSJ910225-0066</id><span>3499,3506</span><type>Season-Of-Year</type></entity><entity><id>22@WSJ910225-0066</id><span>3679,3682</span><type>Last</type></entity><entity><id>23@WSJ910225-0066</id><span>4027,4031</span><type>This</type></entity><entity><id>24@WSJ910225-0066</id><span>4032,4036</span><type>Calendar-Interval</type></entity><entity><id>25@WSJ910225-0066</id><span>4321,4326</span><type>Last</type></entity><entity><id>26@WSJ910225-0066</id><span>4695,4700</span><type>Modifier</type></entity><entity><id>27@WSJ910225-0066</id><span>5607,5612</span><type>Modifier</type></entity><entity><id>28@WSJ910225-0066</id><span>5834,5839</span><type>Modifier</type></entity><entity><id>29@WSJ910225-0066</id><span>6346,6351</span><type>Next</type></entity><entity><id>30@WSJ910225-0066</id><span>6602,6605</span><type>This</type></entity><entity><id>31@WSJ910225-0066</id><span>6897,6903</span><type>Before</type></entity><entity><id>32@WSJ910225-0066</id><span>6908,6914</span><type>Last</type></entity><entity><id>33@WSJ910225-0066</id><span>7023,7026</span><type>Month-Of-Year</type></entity><entity><id>34@WSJ910225-0066</id><span>7028,7030</span><type>Day-Of-Month</type></entity><entity><id>35@WSJ910225-0066</id><span>7091,7096</span><type>After</type></entity><entity><id>36@WSJ910225-0066</id><span>7291,7295</span><type>Calendar-Interval</type></entity><entity><id>37@WSJ910225-0066</id><span>7302,7305</span><type>Before</type></entity><entity><id>38@WSJ910225-0066</id><span>7340,7348</span><type>Day-Of-Week</type></entity><entity><id>39@WSJ910225-0066</id><span>7349,7354</span><type>Part-Of-Day</type></entity><entity><id>40@WSJ910225-0066</id><span>7370,7374</span><type>Period</type></entity><entity><id>41@WSJ910225-0066</id><span>7403,7407</span><type>Calendar-Interval</type></entity><entity><id>42@WSJ910225-0066</id><span>7430,7434</span><type>Last</type></entity><entity><id>43@WSJ910225-0066</id><span>7525,7528</span><type>This</type></entity><entity><id>44@WSJ910225-0066</id><span>7867,7873</span><type>Modifier</type></entity><entity><id>45@WSJ910225-0066</id><span>7876,7880</span><type>Calendar-Interval</type></entity><entity><id>46@WSJ910225-0066</id><span>7882,7890</span><type>Modifier</type></entity><entity><id>47@WSJ910225-0066</id><span>7894,7898</span><type>Modifier</type></entity><entity><id>48@WSJ910225-0066</id><span>7899,7907</span><type>Day-Of-Week</type></entity><entity><id>49@WSJ910225-0066</id><span>8249,8254</span><type>After</type></entity><entity><id>50@WSJ910225-0066</id><span>8268,8272</span><type>Last</type></entity><entity><id>51@WSJ910225-0066</id><span>8273,8279</span><type>Month-Of-Year</type></entity><entity><id>52@WSJ910225-0066</id><span>8281,8286</span><type>After</type></entity><entity><id>53@WSJ910225-0066</id><span>8402,8406</span><type>Calendar-Interval</type></entity><entity><id>54@WSJ910225-0066</id><span>8441,8445</span><type>Number</type></entity><entity><id>55@WSJ910225-0066</id><span>8446,8450</span><type>Calendar-Interval</type></entity><entity><id>56@WSJ910225-0066</id><span>8532,8536</span><type>Number</type></entity><entity><id>57@WSJ910225-0066</id><span>8537,8541</span><type>Calendar-Interval</type></entity><entity><id>58@WSJ910225-0066</id><span>8654,8660</span><type>Modifier</type></entity><entity><id>59@WSJ910225-0066</id><span>8664,8668</span><type>Period</type></entity><entity><id>60@WSJ910225-0066</id><span>8842,8849</span><type>Next</type></entity><entity><id>61@WSJ910225-0066</id><span>8945,8955</span><type>Last</type></entity><entity><id>62@WSJ910225-0066</id><span>8964,8972</span><type>Day-Of-Week</type></entity><entity><id>63@WSJ910225-0066</id><span>8973,8978</span><type>Part-Of-Day</type></entity><entity><id>64@WSJ910225-0066</id><span>9455,9460</span><type>Calendar-Interval</type></entity><entity><id>65@WSJ910225-0066</id><span>9511,9516</span><type>Next</type></entity><entity><id>66@WSJ910225-0066</id><span>9824,9828</span><type>Next</type></entity><entity><id>67@WSJ910225-0066</id><span>9829,9832</span><type>Number</type></entity><entity><id>68@WSJ910225-0066</id><span>9833,9837</span><type>Period</type></entity><entity><id>69@WSJ910225-0066</id><span>9930,9935</span><type>Number</type></entity><entity><id>70@WSJ910225-0066</id><span>9936,9940</span><type>Period</type></entity><entity><id>71@WSJ910225-0066</id><span>10247,10252</span><type>Between</type></entity><entity><id>72@WSJ910225-0066</id><span>11046,11052</span><type>Before</type></entity><entity><id>73@WSJ910225-0066</id><span>11435,11438</span><type>This</type></entity><entity><id>74@WSJ910225-0066</id><span>11755,11758</span><type>This</type></entity><entity><id>75@WSJ910225-0066</id><span>11829,11833</span><type>Period</type></entity></annotations></data>