<?xml version='1.0' encoding='UTF-8'?>
<data><annotations><entity><id>0@bbc_20130322_1150</id><span>21,25</span><type>Year</type></entity><entity><id>1@bbc_20130322_1150</id><span>26,28</span><type>Month-Of-Year</type></entity><entity><id>2@bbc_20130322_1150</id><span>29,31</span><type>Day-Of-Month</type></entity><entity><id>3@bbc_20130322_1150</id><span>33,37</span><type>Last</type></entity><entity><id>4@bbc_20130322_1150</id><span>38,42</span><type>Year</type></entity><entity><id>5@bbc_20130322_1150</id><span>86,88</span><type>Period</type></entity><entity><id>6@bbc_20130322_1150</id><span>163,167</span><type>Year</type></entity><entity><id>7@bbc_20130322_1150</id><span>221,223</span><type>Period</type></entity><entity><id>8@bbc_20130322_1150</id><span>243,252</span><type>Day-Of-Week</type></entity><entity><id>9@bbc_20130322_1150</id><span>253,258</span><type>After</type></entity><entity><id>10@bbc_20130322_1150</id><span>261,270</span><type>Period</type></entity><entity><id>11@bbc_20130322_1150</id><span>426,430</span><type>Year</type></entity><entity><id>12@bbc_20130322_1150</id><span>617,621</span><type>Year</type></entity><entity><id>13@bbc_20130322_1150</id><span>714,719</span><type>Next</type></entity><entity><id>14@bbc_20130322_1150</id><span>796,800</span><type>Year</type></entity><entity><id>15@bbc_20130322_1150</id><span>872,874</span><type>After</type></entity><entity><id>16@bbc_20130322_1150</id><span>875,878</span><type>Number</type></entity><entity><id>17@bbc_20130322_1150</id><span>879,883</span><type>Period</type></entity><entity><id>18@bbc_20130322_1150</id><span>910,912</span><type>Number</type></entity><entity><id>19@bbc_20130322_1150</id><span>915,918</span><type>Calendar-Interval</type></entity><entity><id>20@bbc_20130322_1150</id><span>1494,1498</span><type>Year</type></entity><entity><id>21@bbc_20130322_1150</id><span>1745,1748</span><type>Month-Of-Year</type></entity><entity><id>22@bbc_20130322_1150</id><span>1833,1835</span><type>Number</type></entity><entity><id>23@bbc_20130322_1150</id><span>1836,1841</span><type>Period</type></entity><entity><id>24@bbc_20130322_1150</id><span>1969,1971</span><type>Period</type></entity><entity><id>25@bbc_20130322_1150</id><span>2075,2081</span><type>Before</type></entity><entity><id>26@bbc_20130322_1150</id><span>2094,2098</span><type>Year</type></entity><entity><id>27@bbc_20130322_1150</id><span>2221,2229</span><type>Last</type></entity><entity><id>28@bbc_20130322_1150</id><span>2281,2285</span><type>Year</type></entity><entity><id>29@bbc_20130322_1150</id><span>2314,2318</span><type>Last</type></entity><entity><id>30@bbc_20130322_1150</id><span>2319,2323</span><type>Month-Of-Year</type></entity></annotations></data>