<?xml version='1.0' encoding='UTF-8'?>
<data><annotations><entity><id>0@NYT19980212.0019</id><span>20,22</span><type>Month-Of-Year</type></entity><entity><id>1@NYT19980212.0019</id><span>23,25</span><type>Day-Of-Month</type></entity><entity><id>2@NYT19980212.0019</id><span>26,30</span><type>Year</type></entity><entity><id>3@NYT19980212.0019</id><span>31,33</span><type>Hour-Of-Day</type></entity><entity><id>4@NYT19980212.0019</id><span>34,36</span><type>Minute-Of-Hour</type></entity><entity><id>5@NYT19980212.0019</id><span>37,39</span><type>Second-Of-Minute</type></entity><entity><id>6@NYT19980212.0019</id><span>70,72</span><type>Month-Of-Year</type></entity><entity><id>7@NYT19980212.0019</id><span>73,75</span><type>Day-Of-Month</type></entity><entity><id>8@NYT19980212.0019</id><span>76,80</span><type>Year</type></entity><entity><id>9@NYT19980212.0019</id><span>81,83</span><type>Hour-Of-Day</type></entity><entity><id>10@NYT19980212.0019</id><span>84,86</span><type>Minute-Of-Hour</type></entity><entity><id>11@NYT19980212.0019</id><span>87,89</span><type>Second-Of-Minute</type></entity><entity><id>12@NYT19980212.0019</id><span>146,148</span><type>Month-Of-Year</type></entity><entity><id>13@NYT19980212.0019</id><span>149,151</span><type>Day-Of-Month</type></entity><entity><id>14@NYT19980212.0019</id><span>231,235</span><type>Year</type></entity><entity><id>15@NYT19980212.0019</id><span>360,368</span><type>Day-Of-Week</type></entity><entity><id>16@NYT19980212.0019</id><span>369,376</span><type>Part-Of-Day</type></entity><entity><id>17@NYT19980212.0019</id><span>522,528</span><type>Modifier</type></entity><entity><id>18@NYT19980212.0019</id><span>529,530</span><type>Hour-Of-Day</type></entity><entity><id>19@NYT19980212.0019</id><span>531,533</span><type>Minute-Of-Hour</type></entity><entity><id>20@NYT19980212.0019</id><span>534,535</span><type>AMPM-Of-Day</type></entity><entity><id>21@NYT19980212.0019</id><span>536,537</span><type>Second-Of-Minute</type></entity><entity><id>22@NYT19980212.0019</id><span>540,545</span><type>After</type></entity><entity><id>23@NYT19980212.0019</id><span>573,575</span><type>Period</type></entity><entity><id>24@NYT19980212.0019</id><span>1311,1314</span><type>Number</type></entity><entity><id>25@NYT19980212.0019</id><span>1315,1320</span><type>Period</type></entity><entity><id>26@NYT19980212.0019</id><span>1321,1324</span><type>Before</type></entity><entity><id>27@NYT19980212.0019</id><span>1369,1371</span><type>Month-Of-Year</type></entity><entity><id>28@NYT19980212.0019</id><span>1372,1374</span><type>Day-Of-Month</type></entity><entity><id>29@NYT19980212.0019</id><span>1375,1377</span><type>Two-Digit-Year</type></entity></annotations></data>