<?xml version='1.0' encoding='UTF-8'?>
<data><annotations><entity><id>0@nyt_20130321_women_senate</id><span>29,33</span><type>Year</type></entity><entity><id>1@nyt_20130321_women_senate</id><span>34,36</span><type>Month-Of-Year</type></entity><entity><id>2@nyt_20130321_women_senate</id><span>37,39</span><type>Day-Of-Month</type></entity><entity><id>3@nyt_20130321_women_senate</id><span>89,93</span><type>Calendar-Interval</type></entity><entity><id>4@nyt_20130321_women_senate</id><span>94,100</span><type>Before</type></entity><entity><id>5@nyt_20130321_women_senate</id><span>547,551</span><type>This</type></entity><entity><id>6@nyt_20130321_women_senate</id><span>552,559</span><type>Month-Of-Year</type></entity><entity><id>7@nyt_20130321_women_senate</id><span>560,563</span><type>Calendar-Interval</type></entity><entity><id>8@nyt_20130321_women_senate</id><span>567,571</span><type>Year</type></entity><entity><id>9@nyt_20130321_women_senate</id><span>769,771</span><type>Number</type></entity><entity><id>10@nyt_20130321_women_senate</id><span>772,777</span><type>Period</type></entity><entity><id>11@nyt_20130321_women_senate</id><span>778,783</span><type>Between</type></entity><entity><id>12@nyt_20130321_women_senate</id><span>883,885</span><type>Number</type></entity><entity><id>13@nyt_20130321_women_senate</id><span>886,891</span><type>Period</type></entity><entity><id>14@nyt_20130321_women_senate</id><span>968,971</span><type>This</type></entity><entity><id>15@nyt_20130321_women_senate</id><span>1065,1067</span><type>Period</type></entity><entity><id>16@nyt_20130321_women_senate</id><span>1162,1165</span><type>This</type></entity><entity><id>17@nyt_20130321_women_senate</id><span>1239,1243</span><type>Period</type></entity><entity><id>18@nyt_20130321_women_senate</id><span>1392,1399</span><type>Frequency</type></entity><entity><id>19@nyt_20130321_women_senate</id><span>1720,1724</span><type>Last</type></entity><entity><id>20@nyt_20130321_women_senate</id><span>1725,1729</span><type>Calendar-Interval</type></entity><entity><id>21@nyt_20130321_women_senate</id><span>2147,2150</span><type>Number</type></entity><entity><id>22@nyt_20130321_women_senate</id><span>2151,2156</span><type>Period</type></entity><entity><id>23@nyt_20130321_women_senate</id><span>2157,2160</span><type>Before</type></entity><entity><id>24@nyt_20130321_women_senate</id><span>3010,3014</span><type>Year</type></entity><entity><id>25@nyt_20130321_women_senate</id><span>3077,3081</span><type>This</type></entity><entity><id>26@nyt_20130321_women_senate</id><span>3082,3086</span><type>Calendar-Interval</type></entity><entity><id>27@nyt_20130321_women_senate</id><span>3260,3264</span><type>Last</type></entity></annotations></data>