<?xml version='1.0' encoding='UTF-8'?>
<data><annotations><entity><id>0@APW19980213.1310</id><span>20,22</span><type>Month-Of-Year</type></entity><entity><id>1@APW19980213.1310</id><span>23,25</span><type>Day-Of-Month</type></entity><entity><id>2@APW19980213.1310</id><span>26,30</span><type>Year</type></entity><entity><id>3@APW19980213.1310</id><span>31,33</span><type>Hour-Of-Day</type></entity><entity><id>4@APW19980213.1310</id><span>34,36</span><type>Minute-Of-Hour</type></entity><entity><id>5@APW19980213.1310</id><span>37,39</span><type>Second-Of-Minute</type></entity><entity><id>6@APW19980213.1310</id><span>70,72</span><type>Month-Of-Year</type></entity><entity><id>7@APW19980213.1310</id><span>73,75</span><type>Day-Of-Month</type></entity><entity><id>8@APW19980213.1310</id><span>76,80</span><type>Year</type></entity><entity><id>9@APW19980213.1310</id><span>81,83</span><type>Hour-Of-Day</type></entity><entity><id>10@APW19980213.1310</id><span>84,86</span><type>Minute-Of-Hour</type></entity><entity><id>11@APW19980213.1310</id><span>87,89</span><type>Second-Of-Minute</type></entity><entity><id>12@APW19980213.1310</id><span>515,518</span><type>Number</type></entity><entity><id>13@APW19980213.1310</id><span>519,524</span><type>Period</type></entity><entity><id>14@APW19980213.1310</id><span>614,620</span><type>Day-Of-Week</type></entity><entity><id>15@APW19980213.1310</id><span>779,783</span><type>Next</type></entity><entity><id>16@APW19980213.1310</id><span>784,788</span><type>Calendar-Interval</type></entity><entity><id>17@APW19980213.1310</id><span>789,794</span><type>After</type></entity><entity><id>18@APW19980213.1310</id><span>1472,1478</span><type>Day-Of-Week</type></entity><entity><id>19@APW19980213.1310</id><span>1687,1691</span><type>Year</type></entity><entity><id>20@APW19980213.1310</id><span>1709,1712</span><type>Period</type></entity><entity><id>21@APW19980213.1310</id><span>2471,2478</span><type>Number</type></entity><entity><id>22@APW19980213.1310</id><span>2479,2484</span><type>Period</type></entity><entity><id>23@APW19980213.1310</id><span>2485,2488</span><type>Before</type></entity><entity><id>24@APW19980213.1310</id><span>2509,2513</span><type>This</type></entity><entity><id>25@APW19980213.1310</id><span>2514,2518</span><type>Calendar-Interval</type></entity><entity><id>26@APW19980213.1310</id><span>2591,2596</span><type>Between</type></entity><entity><id>27@APW19980213.1310</id><span>2597,2601</span><type>Year</type></entity><entity><id>28@APW19980213.1310</id><span>2965,2969</span><type>Period</type></entity><entity><id>29@APW19980213.1310</id><span>2970,2977</span><type>Period</type></entity><entity><id>30@APW19980213.1310</id><span>3098,3104</span><type>Modifier</type></entity><entity><id>31@APW19980213.1310</id><span>3107,3114</span><type>Number</type></entity><entity><id>32@APW19980213.1310</id><span>3115,3120</span><type>Period</type></entity><entity><id>33@APW19980213.1310</id><span>3470,3474</span><type>Year</type></entity><entity><id>34@APW19980213.1310</id><span>3878,3880</span><type>Month-Of-Year</type></entity><entity><id>35@APW19980213.1310</id><span>3881,3883</span><type>Day-Of-Month</type></entity><entity><id>36@APW19980213.1310</id><span>3884,3886</span><type>Day-Of-Month</type></entity></annotations></data>