<?xml version='1.0' encoding='UTF-8'?>
<data><annotations><entity><id>0@APW19980911.0475</id><span>20,24</span><type>Year</type></entity><entity><id>1@APW19980911.0475</id><span>25,27</span><type>Month-Of-Year</type></entity><entity><id>2@APW19980911.0475</id><span>28,30</span><type>Day-Of-Month</type></entity><entity><id>3@APW19980911.0475</id><span>132,134</span><type>Month-Of-Year</type></entity><entity><id>4@APW19980911.0475</id><span>135,137</span><type>Day-Of-Month</type></entity><entity><id>5@APW19980911.0475</id><span>138,142</span><type>Year</type></entity><entity><id>6@APW19980911.0475</id><span>143,145</span><type>Hour-Of-Day</type></entity><entity><id>7@APW19980911.0475</id><span>146,148</span><type>Minute-Of-Hour</type></entity><entity><id>8@APW19980911.0475</id><span>149,151</span><type>Second-Of-Minute</type></entity><entity><id>9@APW19980911.0475</id><span>220,222</span><type>Month-Of-Year</type></entity><entity><id>10@APW19980911.0475</id><span>223,225</span><type>Day-Of-Month</type></entity><entity><id>11@APW19980911.0475</id><span>514,518</span><type>Last</type></entity><entity><id>12@APW19980911.0475</id><span>519,524</span><type>Calendar-Interval</type></entity><entity><id>13@APW19980911.0475</id><span>547,553</span><type>Day-Of-Week</type></entity><entity><id>14@APW19980911.0475</id><span>1114,1117</span><type>Month-Of-Year</type></entity><entity><id>15@APW19980911.0475</id><span>1119,1120</span><type>Day-Of-Month</type></entity><entity><id>16@APW19980911.0475</id><span>1431,1437</span><type>Day-Of-Week</type></entity><entity><id>17@APW19980911.0475</id><span>2008,2012</span><type>Month-Of-Year</type></entity><entity><id>18@APW19980911.0475</id><span>2014,2015</span><type>Day-Of-Month</type></entity><entity><id>19@APW19980911.0475</id><span>2232,2237</span><type>Between</type></entity><entity><id>20@APW19980911.0475</id><span>2246,2251</span><type>After</type></entity><entity><id>21@APW19980911.0475</id><span>2422,2424</span><type>Month-Of-Year</type></entity><entity><id>22@APW19980911.0475</id><span>2425,2427</span><type>Day-Of-Month</type></entity><entity><id>23@APW19980911.0475</id><span>2428,2430</span><type>Two-Digit-Year</type></entity></annotations></data>