<?xml version='1.0' encoding='UTF-8'?>
<data><annotations><entity><id>0@CNN19980223.1130.0960</id><span>84,90</span><type>Last</type></entity><entity><id>1@CNN19980223.1130.0960</id><span>208,211</span><type>This</type></entity><entity><id>2@CNN19980223.1130.0960</id><span>402,408</span><type>Modifier</type></entity><entity><id>3@CNN19980223.1130.0960</id><span>412,419</span><type>Month-Of-Year</type></entity><entity><id>4@CNN19980223.1130.0960</id><span>500,505</span><type>Calendar-Interval</type></entity><entity><id>5@CNN19980223.1130.0960</id><span>649,655</span><type>Season-Of-Year</type></entity><entity><id>6@CNN19980223.1130.0960</id><span>659,667</span><type>Number</type></entity><entity><id>7@CNN19980223.1130.0960</id><span>668,674</span><type>Period</type></entity><entity><id>8@CNN19980223.1130.0960</id><span>779,785</span><type>Modifier</type></entity><entity><id>9@CNN19980223.1130.0960</id><span>786,789</span><type>Number</type></entity><entity><id>10@CNN19980223.1130.0960</id><span>790,795</span><type>Frequency</type></entity><entity><id>11@CNN19980223.1130.0960</id><span>814,818</span><type>Last</type></entity><entity><id>12@CNN19980223.1130.0960</id><span>819,822</span><type>Number</type></entity><entity><id>13@CNN19980223.1130.0960</id><span>823,828</span><type>Period</type></entity></annotations></data>