<?xml version='1.0' encoding='UTF-8'?>
<data><annotations><entity><id>0@VOA19980303.1600.2745</id><span>391,395</span><type>Last</type></entity><entity><id>1@VOA19980303.1600.2745</id><span>396,400</span><type>Calendar-Interval</type></entity><entity><id>2@VOA19980303.1600.2745</id><span>703,711</span><type>Last</type></entity><entity><id>3@VOA19980303.1600.2745</id><span>980,984</span><type>Last</type></entity><entity><id>4@VOA19980303.1600.2745</id><span>985,989</span><type>Calendar-Interval</type></entity><entity><id>5@VOA19980303.1600.2745</id><span>1126,1133</span><type>Period</type></entity><entity><id>6@VOA19980303.1600.2745</id><span>1220,1223</span><type>Season-Of-Year</type></entity><entity><id>7@VOA19980303.1600.2745</id><span>1237,1241</span><type>This</type></entity><entity><id>8@VOA19980303.1600.2745</id><span>1242,1246</span><type>Calendar-Interval</type></entity><entity><id>9@VOA19980303.1600.2745</id><span>1850,1854</span><type>Modifier</type></entity><entity><id>10@VOA19980303.1600.2745</id><span>1855,1860</span><type>Number</type></entity><entity><id>11@VOA19980303.1600.2745</id><span>1861,1869</span><type>Number</type></entity><entity><id>12@VOA19980303.1600.2745</id><span>1870,1873</span><type>Frequency</type></entity><entity><id>13@VOA19980303.1600.2745</id><span>1876,1880</span><type>Calendar-Interval</type></entity><entity><id>14@VOA19980303.1600.2745</id><span>2232,2236</span><type>Calendar-Interval</type></entity><entity><id>15@VOA19980303.1600.2745</id><span>2801,2805</span><type>Last</type></entity><entity><id>16@VOA19980303.1600.2745</id><span>2806,2810</span><type>Calendar-Interval</type></entity><entity><id>17@VOA19980303.1600.2745</id><span>2906,2909</span><type>This</type></entity><entity><id>18@VOA19980303.1600.2745</id><span>2980,2984</span><type>Last</type></entity></annotations></data>