<?xml version='1.0' encoding='UTF-8'?>
<data><annotations><entity><id>0@bbc_20130322_332</id><span>20,24</span><type>Year</type></entity><entity><id>1@bbc_20130322_332</id><span>25,27</span><type>Month-Of-Year</type></entity><entity><id>2@bbc_20130322_332</id><span>28,30</span><type>Day-Of-Month</type></entity><entity><id>3@bbc_20130322_332</id><span>62,67</span><type>After</type></entity><entity><id>4@bbc_20130322_332</id><span>429,436</span><type>Month-Of-Year</type></entity><entity><id>5@bbc_20130322_332</id><span>505,509</span><type>Year</type></entity><entity><id>6@bbc_20130322_332</id><span>597,606</span><type>Period</type></entity><entity><id>7@bbc_20130322_332</id><span>864,870</span><type>Number</type></entity><entity><id>8@bbc_20130322_332</id><span>871,873</span><type>Number</type></entity><entity><id>9@bbc_20130322_332</id><span>874,880</span><type>Period</type></entity><entity><id>10@bbc_20130322_332</id><span>899,903</span><type>Year</type></entity><entity><id>11@bbc_20130322_332</id><span>1014,1023</span><type>Next</type></entity><entity><id>12@bbc_20130322_332</id><span>1024,1030</span><type>Period</type></entity><entity><id>13@bbc_20130322_332</id><span>1248,1252</span><type>Year</type></entity><entity><id>14@bbc_20130322_332</id><span>1390,1400</span><type>Next</type></entity><entity><id>15@bbc_20130322_332</id><span>1552,1555</span><type>This</type></entity><entity><id>16@bbc_20130322_332</id><span>1706,1716</span><type>Next</type></entity><entity><id>17@bbc_20130322_332</id><span>1737,1741</span><type>Year</type></entity></annotations></data>