<?xml version='1.0' encoding='UTF-8'?>
<data><annotations><entity><id>0@APW19980219.0476</id><span>20,22</span><type>Month-Of-Year</type></entity><entity><id>1@APW19980219.0476</id><span>23,25</span><type>Day-Of-Month</type></entity><entity><id>2@APW19980219.0476</id><span>26,30</span><type>Year</type></entity><entity><id>3@APW19980219.0476</id><span>31,33</span><type>Hour-Of-Day</type></entity><entity><id>4@APW19980219.0476</id><span>34,36</span><type>Minute-Of-Hour</type></entity><entity><id>5@APW19980219.0476</id><span>37,39</span><type>Second-Of-Minute</type></entity><entity><id>6@APW19980219.0476</id><span>70,72</span><type>Month-Of-Year</type></entity><entity><id>7@APW19980219.0476</id><span>73,75</span><type>Day-Of-Month</type></entity><entity><id>8@APW19980219.0476</id><span>76,80</span><type>Year</type></entity><entity><id>9@APW19980219.0476</id><span>81,83</span><type>Hour-Of-Day</type></entity><entity><id>10@APW19980219.0476</id><span>84,86</span><type>Minute-Of-Hour</type></entity><entity><id>11@APW19980219.0476</id><span>87,89</span><type>Second-Of-Minute</type></entity><entity><id>12@APW19980219.0476</id><span>382,390</span><type>Day-Of-Week</type></entity><entity><id>13@APW19980219.0476</id><span>522,528</span><type>Modifier</type></entity><entity><id>14@APW19980219.0476</id><span>529,532</span><type>Number</type></entity><entity><id>15@APW19980219.0476</id><span>533,538</span><type>Period</type></entity><entity><id>16@APW19980219.0476</id><span>539,542</span><type>Before</type></entity><entity><id>17@APW19980219.0476</id><span>780,784</span><type>Next</type></entity><entity><id>18@APW19980219.0476</id><span>785,788</span><type>Number</type></entity><entity><id>19@APW19980219.0476</id><span>789,794</span><type>Period</type></entity><entity><id>20@APW19980219.0476</id><span>929,934</span><type>Month-Of-Year</type></entity><entity><id>21@APW19980219.0476</id><span>935,939</span><type>Year</type></entity><entity><id>22@APW19980219.0476</id><span>1164,1171</span><type>Month-Of-Year</type></entity><entity><id>23@APW19980219.0476</id><span>1172,1176</span><type>This</type></entity><entity><id>24@APW19980219.0476</id><span>1177,1181</span><type>Calendar-Interval</type></entity><entity><id>25@APW19980219.0476</id><span>1278,1282</span><type>Period</type></entity><entity><id>26@APW19980219.0476</id><span>1283,1288</span><type>After</type></entity><entity><id>27@APW19980219.0476</id><span>1366,1368</span><type>Number</type></entity><entity><id>28@APW19980219.0476</id><span>1369,1374</span><type>Period</type></entity><entity><id>29@APW19980219.0476</id><span>1431,1436</span><type>Period</type></entity><entity><id>30@APW19980219.0476</id><span>1440,1446</span><type>Period</type></entity><entity><id>31@APW19980219.0476</id><span>1465,1470</span><type>Month-Of-Year</type></entity><entity><id>32@APW19980219.0476</id><span>1471,1473</span><type>Day-Of-Month</type></entity><entity><id>33@APW19980219.0476</id><span>1475,1479</span><type>Year</type></entity><entity><id>34@APW19980219.0476</id><span>1535,1540</span><type>After</type></entity><entity><id>35@APW19980219.0476</id><span>1541,1543</span><type>Number</type></entity><entity><id>36@APW19980219.0476</id><span>1544,1550</span><type>Period</type></entity><entity><id>37@APW19980219.0476</id><span>1884,1892</span><type>Day-Of-Week</type></entity><entity><id>38@APW19980219.0476</id><span>2122,2128</span><type>Before</type></entity><entity><id>39@APW19980219.0476</id><span>2166,2171</span><type>After</type></entity><entity><id>40@APW19980219.0476</id><span>2186,2190</span><type>Last</type></entity><entity><id>41@APW19980219.0476</id><span>2191,2195</span><type>Calendar-Interval</type></entity><entity><id>42@APW19980219.0476</id><span>2345,2353</span><type>Last</type></entity><entity><id>43@APW19980219.0476</id><span>2673,2676</span><type>This</type></entity><entity><id>44@APW19980219.0476</id><span>2708,2714</span><type>Modifier</type></entity><entity><id>45@APW19980219.0476</id><span>2717,2721</span><type>Calendar-Interval</type></entity><entity><id>46@APW19980219.0476</id><span>2977,2981</span><type>Modifier</type></entity><entity><id>47@APW19980219.0476</id><span>2982,2987</span><type>Year</type></entity><entity><id>48@APW19980219.0476</id><span>2992,2995</span><type>This</type></entity><entity><id>49@APW19980219.0476</id><span>2996,3000</span><type>Period</type></entity><entity><id>50@APW19980219.0476</id><span>3155,3158</span><type>Modifier</type></entity><entity><id>51@APW19980219.0476</id><span>3159,3163</span><type>Year</type></entity><entity><id>52@APW19980219.0476</id><span>3164,3169</span><type>After</type></entity><entity><id>53@APW19980219.0476</id><span>3429,3433</span><type>Month-Of-Year</type></entity><entity><id>54@APW19980219.0476</id><span>3434,3438</span><type>Last</type></entity><entity><id>55@APW19980219.0476</id><span>3439,3443</span><type>Calendar-Interval</type></entity><entity><id>56@APW19980219.0476</id><span>3518,3522</span><type>Month-Of-Year</type></entity><entity><id>57@APW19980219.0476</id><span>3523,3527</span><type>Last</type></entity><entity><id>58@APW19980219.0476</id><span>3528,3532</span><type>Calendar-Interval</type></entity><entity><id>59@APW19980219.0476</id><span>4394,4396</span><type>Month-Of-Year</type></entity><entity><id>60@APW19980219.0476</id><span>4397,4399</span><type>Month-Of-Year</type></entity><entity><id>61@APW19980219.0476</id><span>4400,4402</span><type>Day-Of-Month</type></entity></annotations></data>