<?xml version='1.0' encoding='UTF-8'?>
<data><annotations><entity><id>0@CNN19980227.2130.0067</id><span>97,104</span><type>Part-Of-Day</type></entity><entity><id>1@CNN19980227.2130.0067</id><span>208,212</span><type>Last</type></entity><entity><id>2@CNN19980227.2130.0067</id><span>213,218</span><type>Calendar-Interval</type></entity><entity><id>3@CNN19980227.2130.0067</id><span>300,306</span><type>Last</type></entity><entity><id>4@CNN19980227.2130.0067</id><span>400,407</span><type>Month-Of-Year</type></entity><entity><id>5@CNN19980227.2130.0067</id><span>408,416</span><type>Day-Of-Month</type></entity><entity><id>6@CNN19980227.2130.0067</id><span>417,429</span><type>Number</type></entity><entity><id>7@CNN19980227.2130.0067</id><span>446,450</span><type>This</type></entity><entity><id>8@CNN19980227.2130.0067</id><span>451,455</span><type>Period</type></entity><entity><id>9@CNN19980227.2130.0067</id><span>517,521</span><type>Last</type></entity><entity><id>10@CNN19980227.2130.0067</id><span>522,527</span><type>Calendar-Interval</type></entity><entity><id>11@CNN19980227.2130.0067</id><span>717,720</span><type>This</type></entity><entity><id>12@CNN19980227.2130.0067</id><span>1707,1715</span><type>Number</type></entity><entity><id>13@CNN19980227.2130.0067</id><span>1940,1944</span><type>This</type></entity><entity><id>14@CNN19980227.2130.0067</id><span>1945,1949</span><type>Calendar-Interval</type></entity></annotations></data>