<?xml version='1.0' encoding='UTF-8'?>
<data><annotations><entity><id>0@wsj_0068</id><span>12,14</span><type>Month-Of-Year</type></entity><entity><id>1@wsj_0068</id><span>15,17</span><type>Day-Of-Month</type></entity><entity><id>2@wsj_0068</id><span>18,20</span><type>Two-Digit-Year</type></entity><entity><id>3@wsj_0068</id><span>97,99</span><type>Month-Of-Year</type></entity><entity><id>4@wsj_0068</id><span>100,102</span><type>Day-Of-Month</type></entity><entity><id>5@wsj_0068</id><span>103,105</span><type>Two-Digit-Year</type></entity><entity><id>6@wsj_0068</id><span>182,191</span><type>Calendar-Interval</type></entity><entity><id>7@wsj_0068</id><span>280,283</span><type>Month-Of-Year</type></entity><entity><id>8@wsj_0068</id><span>285,286</span><type>Day-Of-Month</type></entity><entity><id>9@wsj_0068</id><span>306,309</span><type>Month-Of-Year</type></entity><entity><id>10@wsj_0068</id><span>311,313</span><type>Day-Of-Month</type></entity><entity><id>11@wsj_0068</id><span>434,441</span><type>Period</type></entity><entity><id>12@wsj_0068</id><span>488,492</span><type>Period</type></entity><entity><id>13@wsj_0068</id><span>493,496</span><type>Before</type></entity><entity><id>14@wsj_0068</id><span>497,504</span><type>Calendar-Interval</type></entity></annotations></data>