<?xml version='1.0' encoding='UTF-8'?>
<data><annotations><entity><id>0@ABC19980108.1830.0711</id><span>5,9</span><type>Year</type></entity><entity><id>1@ABC19980108.1830.0711</id><span>25,29</span><type>Year</type></entity><entity><id>2@ABC19980108.1830.0711</id><span>31,33</span><type>Day-Of-Month</type></entity><entity><id>3@ABC19980108.1830.0711</id><span>39,43</span><type>Year</type></entity><entity><id>4@ABC19980108.1830.0711</id><span>45,47</span><type>Day-Of-Month</type></entity><entity><id>5@ABC19980108.1830.0711</id><span>141,145</span><type>Calendar-Interval</type></entity><entity><id>6@ABC19980108.1830.0711</id><span>261,265</span><type>Last</type></entity><entity><id>7@ABC19980108.1830.0711</id><span>266,272</span><type>Number</type></entity><entity><id>8@ABC19980108.1830.0711</id><span>273,277</span><type>Number</type></entity><entity><id>9@ABC19980108.1830.0711</id><span>278,283</span><type>Period</type></entity><entity><id>10@ABC19980108.1830.0711</id><span>449,453</span><type>Number</type></entity><entity><id>11@ABC19980108.1830.0711</id><span>454,458</span><type>Period</type></entity><entity><id>12@ABC19980108.1830.0711</id><span>486,490</span><type>Number</type></entity><entity><id>13@ABC19980108.1830.0711</id><span>491,495</span><type>Period</type></entity><entity><id>14@ABC19980108.1830.0711</id><span>670,673</span><type>Period</type></entity><entity><id>15@ABC19980108.1830.0711</id><span>674,678</span><type>This</type></entity><entity><id>16@ABC19980108.1830.0711</id><span>679,683</span><type>Period</type></entity><entity><id>17@ABC19980108.1830.0711</id><span>684,687</span><type>Before</type></entity><entity><id>18@ABC19980108.1830.0711</id><span>689,695</span><type>Before</type></entity><entity><id>19@ABC19980108.1830.0711</id><span>1036,1039</span><type>This</type></entity><entity><id>20@ABC19980108.1830.0711</id><span>1310,1317</span><type>Number</type></entity><entity><id>21@ABC19980108.1830.0711</id><span>1318,1324</span><type>Number</type></entity><entity><id>22@ABC19980108.1830.0711</id><span>1325,1332</span><type>Frequency</type></entity><entity><id>23@ABC19980108.1830.0711</id><span>1344,1351</span><type>Month-Of-Year</type></entity><entity><id>24@ABC19980108.1830.0711</id><span>1378,1381</span><type>This</type></entity><entity><id>25@ABC19980108.1830.0711</id><span>1549,1553</span><type>Last</type></entity><entity><id>26@ABC19980108.1830.0711</id><span>1554,1559</span><type>Number</type></entity><entity><id>27@ABC19980108.1830.0711</id><span>1560,1566</span><type>Period</type></entity><entity><id>28@ABC19980108.1830.0711</id><span>1959,1964</span><type>After</type></entity><entity><id>29@ABC19980108.1830.0711</id><span>1965,1968</span><type>Number</type></entity><entity><id>30@ABC19980108.1830.0711</id><span>1969,1974</span><type>Period</type></entity><entity><id>31@ABC19980108.1830.0711</id><span>2099,2105</span><type>Number</type></entity><entity><id>32@ABC19980108.1830.0711</id><span>2109,2114</span><type>Period</type></entity><entity><id>33@ABC19980108.1830.0711</id><span>2140,2144</span><type>Period</type></entity></annotations></data>